Account No,total_transaction_amount,avg_transaction_amount,transaction_count,avg_balance,min_balance,max_balance,most_common_transaction_hour,most_common_transaction_day,most_common_transaction_month
100100738.0,0.20670164673106875,0.8102207805846808,-0.8205717530372016,-0.6971911242440044,-0.4488774381510814,-0.9205538697201135,9,19,3
100837224.0,-0.1289582100911519,0.8086993275327442,-1.0532588338410758,-0.6557383973547507,-0.07118087066572187,-1.0637510987069219,23,19,3
101348775.0,-0.78365343903465,-1.0022980307834235,1.7309624433639008,0.8894265524580622,0.5066616796224689,0.49307773835045,6,19,3
103439190.0,0.828798064120339,-0.5243292589646951,2.5333316875151906,3.719289732359271,2.5964397746674415,3.064261756161157,6,19,3
104009728.0,-0.057108048372619034,-0.7155622939909789,1.6988676735978492,1.865352535506948,0.0997571636813522,1.7393707474472477,23,19,3
105459181.0,1.1424606278541072,0.6275195209380151,-0.0021551240028858097,0.12355879141980218,0.5722701511354014,0.2188080767726088,17,19,3
106539249.0,-0.24430719118454958,0.3400871416708191,-0.9168560623353564,-1.004755121279307,-1.1270020016359654,-0.9410654885325936,23,19,3
107284902.0,-0.5000027791129756,-0.5134178473282751,-0.2749606670143244,-1.0120463556290626,-0.7805327486597288,-0.9244856519472076,23,19,3
110601571.0,-0.9129473624594857,-0.5355784281679423,-1.1014009884901532,-0.6987110233294,-0.33838436199787725,-0.8690028672848625,23,19,3
110689749.0,-0.28644393844585037,0.3294464606101924,-0.9489508321014081,-1.4420040633922417,-2.3074600762379713,-0.8903233436006762,23,19,3
110925819.0,1.2018033994215123,0.8214812111477677,-0.13855789550860512,-0.0313030879229407,0.15711679478282925,-0.4193798291071758,9,19,3
111740539.0,1.1395683689328615,0.4664570321493253,0.174366109710398,-0.4655481936285418,-0.21706807692388905,-0.7360629512751988,23,19,3
111863803.0,-0.1385716258649718,-0.865141402020863,2.990682156681426,2.035963511495828,2.366532673309018,1.6071902752967797,17,19,3
113263539.0,0.09378689779024953,0.19003909406847322,-0.47555297805214697,-0.6570380813860972,-0.7619623320890045,-0.9221705437704038,23,19,3
113526514.0,-0.6462951566603627,-0.4184929072454164,-0.7323111361805598,-0.4449610325741324,-0.2456187203918198,-0.05389560044615186,23,19,3
113872995.0,-0.5398939943885644,0.03334498763303269,-1.0211640640750241,-1.2622857374971481,-2.0878432479055307,-0.865184274511881,23,19,3
114501144.0,1.0747790243672626,2.484375221350295,-0.956974524542921,-0.13520705479516532,0.9266600957949044,-0.3906710055900492,23,19,3
114685790.0,1.0468411069346386,2.1660632703218514,-0.8847612925693049,-0.3684289736023327,0.24948881293764125,-0.505199206305099,23,19,3
114686082.0,1.8969216350199503,1.1170632762961445,0.062034415529217395,-0.6253423697458824,-0.6202316461286658,-0.6144300157527588,23,19,3
115977868.0,0.2701649437604148,0.3079845264737847,-0.41938713096155666,-0.16343649891669745,0.07710250602133321,-0.28767378794940873,23,19,3
116259400.0,2.161673115501909,5.776749656794392,-1.1575668355807436,0.16095596294179892,0.6017710374839074,0.23524188000272359,23,19,3
117068696.0,0.06519539159784223,-0.5644777123036459,1.1131381253674073,1.7972616339712422,0.3144252770101687,2.029289807683077,23,19,3
117332310.0,0.9742498681971387,-0.2353609916789783,1.4180384381448976,-0.42317328074025323,0.2378665248059514,-0.22382581547768834,9,19,3
117785923.0,-0.4812511288946277,0.5390167290813365,-1.2137326826713337,-0.8905619272620107,-1.4996394344932187,-0.6440241097433659,23,19,3
118072307.0,0.5517982273526794,1.0836805364238207,-0.7323111361805598,-0.49107617069144843,-0.21598107114243534,-0.7048033780466556,23,19,3
118084117.0,-0.5979124338757791,-0.019267376898392863,-1.0532588338410758,-0.9361112412359086,-1.294229219017037,-0.6284315225870245,23,19,3
118204239.0,-0.3922464065518629,0.08432991111805896,-0.8927849850108178,-1.014431377050979,-1.8742028366913541,-0.6551616719978953,23,19,3
118284345.0,-0.9004108095552974,-0.9023172233458192,-0.09041574085952772,0.25174070545300464,0.38655656582876674,-0.04201156694771686,23,19,3
119524898.0,-0.8616123397914718,-0.5780928576437944,-0.9329034472183823,-1.2279759060011166,-1.8599531315219782,-0.317855825878502,0,19,3
119848911.0,-0.4764632910244046,-0.4742474374462216,-0.3150791292218889,-0.37573165718636403,0.06930157336708366,-0.4196849664913435,23,19,3
121664319.0,-0.14436129007564974,-0.14437060351519693,-0.35519759142945345,-0.3261630379439653,-0.07741744407966092,-0.2576151700858412,23,19,3
121803736.0,-0.4577545272076172,0.12135960147281037,-0.9890692943089726,-0.4525731674794697,0.13741434575198846,-0.9213346605665659,23,19,3
122266762.0,0.31321774455904944,0.07248783026643477,-0.10646312574255351,0.04684631405101836,0.31410142331557006,0.03627650534114951,23,19,3
123589285.0,-0.9123623919421995,-0.9750820954810847,0.4311242678388108,-0.12655678364302783,0.16749752965121947,-0.1606082809293609,8,19,3
123942392.0,0.06452293282137248,-0.10671590653578446,-0.13855789550860512,-0.21793618912904902,-0.3183525195130552,-0.1348311834151991,7,19,3
124554844.0,-0.7807080009754693,-0.8317735845792099,0.029939645763165792,0.7720667568233857,1.0791094364559863,0.6084200298088405,17,19,3
125510126.0,-0.6151407591106952,-0.0012754358139091925,-1.0853536036071274,-1.0884766370265448,-1.5857940955962861,-0.9460111548733239,23,19,3
125582633.0,-0.06704053897404924,0.14380099122659076,-0.5959083646748404,-0.8005600868295352,-0.8864888059145883,-0.909416307465584,23,19,3
126520477.0,1.377915549702002,0.3701490677261433,0.5113611922539398,-0.30940917847734895,-0.08632597040375656,-0.7168955884944305,10,19,3
126772008.0,2.296737833120736,1.5843774248312368,-0.058320971093476115,0.9263422833891053,0.9225583567673749,1.2199771998382485,23,19,3
128791455.0,-0.7054286425881525,-1.016427384959429,2.661710766579397,0.9632468490037315,2.0363990281729154,0.5195732974667191,9,19,3
129195432.0,0.7668803930032363,1.0317485598251253,-0.5718372873503017,-0.5616578958465678,-0.5367129239511368,-0.8495916873555396,23,19,3
129677204.0,-0.5359999091268639,-0.5550848929909306,-0.25088958968978575,-0.1173915062281188,0.624761301826784,-0.20262978895378353,23,19,3
130924836.0,-0.6529391179901278,-0.8866017937886599,0.9606879689786623,0.2032517737686485,0.10700735703534887,0.3286785473518809,10,19,3
131343287.0,-0.4197966309143794,0.04393267719687315,-0.8927849850108178,-0.9387698208403997,-1.7557249491829219,-0.6548434559334801,23,19,3
131856614.0,1.577534594405876,1.8616004258241015,-0.5477662100257631,-0.3433813935307399,0.6467147930731311,-0.5055909889217357,23,19,3
131975859.0,-0.8686371323670947,-0.8713003659232679,-0.12251051062557931,0.015432244383707733,0.16563240950200453,0.07032364764436883,23,19,3
132770515.0,0.5595984060685175,2.6048143997646416,-1.1736142204637694,-1.253213562024323,-1.7405665921453124,-0.9313763980708721,23,19,3
133611714.0,-1.2237862855145052,-1.1316663737223585,-0.9489508321014081,-0.4529219485745764,-0.2691391734044256,-0.33376662909925847,23,19,3
136362751.0,-0.5571720678492909,-0.07247264442663642,-0.9649982169844339,-1.3826708443798863,-2.1232635118437813,-1.0717065003173,23,19,3
136709923.0,2.9529049233657925,2.3507862449199677,-0.1867000501576825,0.42833834534608806,1.1725122824459566,0.8799581557906229,23,19,3
136736335.0,1.38907116047594,0.22709031237481764,0.7600956579408398,-0.18994399380449706,0.19728962310332046,0.15767858921742206,9,19,3
136762048.0,-0.8277046352616151,-0.861072448139518,-0.0021551240028858097,0.36911053239021135,0.5616826485479804,0.2611317150800465,23,19,3
138046944.0,-0.9826532040999895,-0.8376862321329672,-0.7403348286220727,-0.17319085018795244,0.18841058861891305,-0.16383925070157918,23,19,3
138398260.0,-0.5118960359937555,0.2994848642633365,-1.1415194506977178,-0.8856498256656737,-1.4118828017929417,-0.67902787682903,23,19,3
139192074.0,-0.03310367169113129,1.8440347862247248,-1.277922222203437,-0.9019097666253006,-0.7832553543995644,-0.8737761082510894,23,19,3
139373971.0,-0.04725789966218507,-0.24251232334900275,-0.058320971093476115,0.002518006967805471,-0.13727886683542587,-0.11133360007308278,23,19,3
140186171.0,0.9816949475080556,-0.3099808665288057,1.706891366039362,2.003563134815009,1.828019611913447,2.2180206142641046,23,19,3
140620855.0,-0.15067931475355434,-0.18285653221776899,-0.30705543678037606,-0.798334499994299,-0.7673011130518591,-0.921826733977774,10,19,3
141085153.0,0.5713029627824309,-0.41844721746171915,1.466180592793975,0.7283989488719306,0.4406996823220443,1.225028247923812,13,19,3
141339885.0,0.08449598775616557,1.115084015778825,-1.029187756516537,-0.5872218227017638,-0.874392251805418,-0.47696067592542263,8,19,3
142842720.0,-0.43049421491965034,-0.0018910939612671882,-0.8687139076862791,-0.7051180972109271,-0.3573662271534244,-0.6276383363079882,17,19,3
143431705.0,0.27385317429462464,0.7779143821910975,-0.7563822135050985,-0.3578939998237379,0.4424451487412219,-0.6160242782354786,23,19,3
143720076.0,0.49157714228131316,0.7424794729894371,-0.5798609797918146,-0.5913377743576815,-0.47773989155446267,-0.798995333113534,23,19,3
144175429.0,0.11170312090619741,0.8063816286463084,-0.8847612925693049,-0.8073826359641301,-0.8483758419009733,-0.6402055169703843,23,19,3
144482990.0,-0.2668311292841659,-0.8056357079145408,1.7710809055714651,1.290047796356305,-0.010778961233254449,1.2720213477420041,10,19,3
144641754.0,1.0671332366970425,0.2659840207288198,0.3829821131897334,-0.5348529164025418,-0.6943501549177176,-0.5243748695232769,10,19,3
145906033.0,-1.20843466921188,-1.150198071250252,0.0700581079707303,0.12137622506302027,0.9354455347489246,-0.15144055045136282,9,19,3
146353544.0,-0.020906779087302357,0.448602164684746,-0.78847698327115,-0.5473449291663832,-0.5819256236814313,-0.7585818929328125,9,19,3
147241590.0,2.162837910168294,1.1257626152290374,0.2144845719179625,0.7202693274364026,-0.15258945229315704,1.4398951899699421,23,19,3
148223575.0,0.27668024588549794,0.3228856847346691,-0.4274108234030695,-0.5883636465400568,-0.3637723457244231,-1.0258865692021657,23,19,3
151369684.0,0.1311083598843285,-0.6881256627688259,2.027839063699878,2.7439496682006674,2.3796538839737686,2.3385494313358306,0,19,3
154215838.0,-0.2598303530934171,-0.05682128073407412,-0.6119557495578662,-0.5491153976612697,-0.160714520992938,-0.4523411263833915,23,19,3
154636770.0,0.3926107665840573,0.03952817843530789,0.029939645763165792,-0.10766363924958215,0.023672472410521398,-0.10304803529257486,23,19,3
157118728.0,-0.22997970215119087,-0.2784851343898633,-0.2669369745728115,-0.06963263030175813,0.005976583821801055,-0.011224256762966673,23,19,3
157171411.0,-0.6446380261040621,-0.4919931252104419,-0.6119557495578662,-0.8442948726213535,-0.6625746547470219,-0.9117789344574406,23,19,3
157447912.0,-1.0472349784820354,-0.9533978874196608,-0.5798609797918146,-0.8383966067101581,-0.8253282005069357,-0.6482597072566898,23,19,3
158053049.0,1.3954578033963414,-0.00030549896226271663,1.2655882817561526,-0.6190065758132274,-0.22848861547622676,-0.661844209350613,23,19,3
158877803.0,-0.572856482628026,-0.7552974219322953,0.3669347283067076,0.034682082311473,-0.04969476031356592,0.20844319239068948,13,19,3
158932590.0,0.09633263458688557,0.5376151886971011,-0.7483585210635856,-0.45389651650539464,0.01610605158809172,-0.6507066470960836,23,19,3
159959814.0,0.8856397007487314,2.4515093239466244,-1.0211640640750241,-1.6166603163287854,-2.625476298062974,-0.9103741378194736,23,19,3
160517762.0,-0.8710078926453635,-0.8545582048354287,-0.21879481992373412,-0.7327925054424343,-0.5707738641723946,-0.4390961464206664,23,19,3
161013024.0,-0.556609398260816,-0.46341344782844723,-0.49160036293517273,-0.8095259992163246,-0.6622010660625771,-0.7254688861478867,23,19,3
161713662.0,-1.18437196702427,-1.1331596483667148,0.0861054928537561,0.025848201271338005,0.7594518617556612,-0.24270439266911575,16,19,3
161759958.0,5.339383925534624,2.001986074172905,1.0329012009522784,2.656502637334506,0.09375158533189451,2.9048646154755646,23,19,3
164260810.0,-0.9709332082815143,-1.0151503823863612,0.4872901149294011,0.13154312918668587,1.033257814931928,-0.1605363722380003,23,19,3
164337916.0,-0.38597984555583104,-0.8536726012847101,1.7951519828960039,1.3955482160907158,1.6090361900294385,1.1069603235099816,9,19,3
164341773.0,3.2757434615774628,-0.0019521973633559815,3.4721037031722,0.542701161134674,-0.6653422841827902,0.5582364102689771,10,19,3
164456671.0,-1.2317974653260215,-1.160989664396053,-0.3792686687539921,-0.44721235299417317,-0.0726764353776493,-0.6694881410771418,23,19,3
164963710.0,-0.6570150415944452,-0.9024959947845989,1.0970907404843815,0.7170952325719275,0.7762464218840707,0.4868549860355922,7,19,3
165565198.0,-0.5076382740468212,0.30795266481149747,-1.1415194506977178,-1.5151827680021543,-2.2205825699629598,-1.02206479426854,8,19,3
166914297.0,-0.36864859295716973,-0.11691753606564839,-0.6841689815314823,-0.30831929661664814,0.3895365143238081,-0.2812657963393426,23,19,3
167009390.0,0.28627650709869307,0.47390014882546777,-0.5477662100257631,-0.1909259084032034,0.29483128566198474,-0.0924805481587797,0,19,3
167171625.0,0.36354579451842084,0.5678421337772936,-0.555789902467276,-0.44132477049478996,-0.019402748549377413,-0.7194413170097516,23,19,3
167380719.0,-0.8684467167441654,-1.0466468451611521,2.0198153712583653,1.3624802533116727,2.301784455503718,0.9280667943165608,23,19,3
167826754.0,0.0496310587434767,0.41913887695364355,-0.708240058856021,-0.8390389513731391,-0.36032875930125036,-0.8082235989815727,23,19,3
167965078.0,1.1346999046277044,2.3838380632143297,-0.9088323698938435,-0.5764441229601337,0.135668411561606,-0.7242616922094183,23,19,3
168559321.0,-0.5430195553342995,-0.09026568376055373,-0.9329034472183823,-1.266958933208782,-1.7327626154174078,-0.8731428582829034,23,19,3
169814460.0,-0.6662527724905942,-0.2789595744785222,-0.9329034472183823,-0.6612057063922364,-0.6684584298957036,-0.15397455270471017,0,19,3
171875418.0,-0.08232525249023992,-0.662367883084848,1.2736119741976655,1.951035629416916,0.3956611383963079,2.2589981669333152,17,19,3
172670097.0,-0.9995881863482314,-0.9388664737615775,-0.38729236119550503,-0.18776461194939456,0.5245111815773332,-0.521361347482463,23,19,3
172734093.0,0.9443134444517916,0.9792330599235823,-0.4274108234030695,-0.6580874878137629,-0.3882704356233196,-0.7919945796964011,23,19,3
174099528.0,-0.34468367176511766,0.6320353842598813,-1.1415194506977178,-1.290534759805021,-2.546880770804371,-0.6841193338596722,23,19,3
174365261.0,-0.5259507675131888,-0.8479535771864695,1.1612802800164848,1.4069030410328396,1.550911424497511,0.9785047030291797,6,19,3
174418335.0,-0.4691314318136079,1.130495015351607,-1.366182839060079,-1.400811482068958,-2.1600940249106406,-0.9253271106863404,23,19,3
175551913.0,-0.6298044775322886,-0.2942767374581616,-0.8606902152447662,-1.2824746754406464,-1.7709748279072972,-1.0510224561303168,23,19,3
175707170.0,0.15767562792307657,0.1599629831617545,-0.3792686687539921,-0.5632525807837783,-0.5144269699434982,-0.25190998990514085,23,19,3
175916054.0,-0.7946083414492844,-0.8668523175115987,0.174366109710398,0.31523793211014883,0.20537250706836702,0.40621778033265077,17,19,3
176265019.0,1.3534582926200345,2.7440275132735557,-0.9168560623353564,-0.4481079249568117,0.4108540566803965,-0.6021283714021892,23,19,3
176376870.0,0.3532444808635697,0.3715836083653976,-0.40333974607853085,-0.7666769883178927,-0.7662004339770676,-0.762400485705794,23,19,3
177389414.0,-0.28898281341823673,0.21202898009465102,-0.876737600127792,-0.3077059064307961,-0.04181707139587595,-0.2953989681750551,0,19,3
177430498.0,-0.7454965498381709,-0.9914236222036301,1.8031756753375168,0.22102769398642433,1.0084139093980238,-0.2515797222693741,7,19,3
178352261.0,-0.9573725281080592,-0.9372017071711563,-0.16262897283314381,-0.25215808751917784,-0.3132358709077466,-0.4117856068407496,23,19,3
178367935.0,-0.9399795190911504,-1.0197886603014457,0.8082378125899171,0.5640582566165812,1.0557060157486673,0.2745317912700682,23,19,3
180366285.0,1.630008679899339,2.168085308924285,-0.6440505193239179,-0.6078390540798021,-0.6372597425728834,-0.4282464043322798,23,19,3
181163644.0,0.04928282116280468,0.3744074995243918,-0.6761452890899694,-0.5110643801878119,-0.3845498932600036,-0.6228155897115302,23,19,3
182306653.0,-0.9097720532879404,-1.0056022397171724,0.8323088899144558,-0.16263411401126607,-0.4563434102509545,-0.000682439875462931,17,19,3
183203410.0,-0.45858480794183004,0.3874095526303794,-1.1334957582562049,-0.8757775680709641,-0.6804609586751477,-0.9406014817782667,23,19,3
185627912.0,-0.21321626550919157,0.23812443183496215,-0.8205717530372016,-1.2897292301912875,-2.860274492951625,-0.6386144366483086,23,19,3
185898052.0,-0.6951084589166145,-0.19087276705226425,-1.0532588338410758,-1.170801535797995,-1.3385382618810064,-0.9838788665387244,23,19,3
186612824.0,1.533864229424769,2.7421088970464265,-0.8526665228032533,-0.3847345668598892,-0.059423354064044955,-0.5326516693587146,23,19,3
186972864.0,0.4617693777406481,1.5201397138461605,-0.956974524542921,-0.484383038926496,-0.49422178516444704,-0.7988020327652054,13,19,3
188605473.0,1.9731101851203516,1.2766502667247939,-0.01820250888591161,-0.25886424807627634,0.16537684829574434,-0.5766703066196208,9,19,3
189021792.0,-1.179196436083939,-1.1414632257154536,0.5915981166690688,-0.5286720505501473,-0.9731229591697357,-0.5084672484631647,23,19,3
189246086.0,-0.5037201724002467,0.034800079446961,-0.9810456018674597,-0.744985172430373,-0.5543796464779954,-0.7054398101754858,23,19,3
190062824.0,0.060498472898927354,-0.7154306925877799,2.043886448582904,1.9136835184679004,1.9418001805878498,2.0336387514456344,17,19,3
190571573.0,-0.10662125670233957,0.2902733923428333,-0.7563822135050985,-0.6216104039142402,-0.4776957931584049,-1.0274744673635972,23,19,3
192143397.0,-0.36750266830747086,-0.44531586125425854,-0.17065266527465672,1.103333382519395,1.659565892949557,1.3822818493042877,23,19,3
193590245.0,0.7914663092898857,-0.5252480906699322,2.4611184555415746,3.29675514460953,2.1265886710503104,2.9466431458477516,17,19,3
193854135.0,-0.6919434424814438,-0.10820586647708612,-1.1094246809316661,-1.286084598719001,-1.5434924827601195,-1.069160771801979,23,19,3
196224167.0,-0.5245526708223138,0.03539421930922805,-1.0051166791919983,-1.1883899208763384,-1.9011869863898883,-0.8788675652817315,23,19,3
196326350.0,1.149367053961423,2.2859479689322355,-0.876737600127792,-0.4692760868755218,0.026654821454509793,-0.27266914473155357,23,19,3
198571693.0,-0.836921780685015,-0.7303499244424266,-0.555789902467276,-1.0458919953409815,-1.070990758391047,-0.8246499758698947,23,19,3
199321965.0,-1.0859099354093662,-1.0393668103083276,-0.21077112748222124,-0.11842009623261196,0.5496489957605678,-0.10592392697802558,23,19,3
199832775.0,1.5325398973445787,0.13985855528234492,1.0810433556013557,-0.017645413437379007,-0.6654498833139202,-0.1527159614503157,10,19,3
202822088.0,-1.0620427952128724,-1.0455586655105067,0.094129185295269,-0.3952231396734472,-0.4548367600114885,-0.3688078502157045,9,19,3
203180094.0,-0.40051147386061786,0.021010706125147074,-0.8526665228032533,-1.5959076073267038,-2.6704614503484443,-1.0141093926581617,23,19,3
203925540.0,0.18576965185738123,0.009171551488049535,-0.16262897283314381,-0.30740758228688353,-0.06112990704362191,0.2775264306422058,23,19,3
204475065.0,-0.9008362426587782,-1.065394909262502,2.2444787596207263,1.4611616914007186,0.9953811543125631,1.5436121830936045,8,19,3
205070322.0,0.5662440828543449,0.6930244204040877,-0.49160036293517273,-0.12188426076726136,0.4240557601702202,-0.5202285142039479,9,19,3
205434026.0,-1.0068479964044064,-0.9761402045627259,-0.17867635771616963,-0.38605238415607407,-0.5569675276267851,-0.16702141134573048,9,19,3
205845278.0,-0.9308464310148094,-0.6298362775095165,-1.0211640640750241,-0.7688361046502858,-0.795496125662699,-0.2526215326734004,0,19,3
205941136.0,-0.45085496292455124,-0.7255517455112845,0.5915981166690688,-0.47535310600995195,-0.1720269615903995,-0.5263805328584186,10,19,3
206082523.0,-1.2249956820385135,-1.1708261385207694,1.06499597071833,0.029362508256965705,0.21957987208786903,-0.25280138382437933,8,19,3
208139739.0,1.2970283654466237,0.5205665149244354,0.2385556492425012,-0.7007780830563728,-0.8670798285539587,-0.7366249844881685,9,19,3
208146789.0,-0.7700961897733194,-1.014501709790142,2.0920286032319813,2.3732905900017385,2.0274537004712094,2.2943009709499846,23,19,3
209239478.0,0.569820808744497,0.34174816716740714,-0.17867635771616963,-0.4265180169206301,-0.000398409694280166,-0.03410938697411246,23,19,3
209827320.0,-0.20428388579215406,-0.21616271537813606,-0.3311265141049147,-0.2939406765866623,0.22410749010374453,-0.23893824190354981,23,19,3
210226208.0,1.8926861740018277,2.8230108685264397,-0.7483585210635856,-1.178091096830833,-1.4380675655245083,-1.1006673443397212,10,19,3
211015441.0,-0.5672126321826537,-0.7867080514848142,0.5595033469030173,1.0523283165431816,0.38876227536750074,0.8341571533969803,23,19,3
211075380.0,-0.12810905934025232,0.4042008568776754,-0.8526665228032533,-0.4768729370450633,0.2508618884602619,-0.6557981041267256,23,19,3
214022887.0,-0.5667220117488007,-0.8751619210557878,1.2415172044316138,2.3346608457384477,0.971270505246758,2.52337412985982,23,19,3
214666845.0,-0.5826826149535861,0.2764814546184958,-1.197685297788308,-1.0426573034867883,-1.1510945668661048,-0.8287096809548836,23,19,3
215582678.0,-0.6239341868866765,0.13757877987871722,-1.1736142204637694,-1.1990892120046999,-1.6941200968072248,-1.0061539910477835,23,19,3
216896355.0,-0.6156811277703585,-0.5615024600104135,-0.41136343852004376,-0.5998503134653232,-0.24371299969504384,-0.7550149969494973,23,19,3
216909880.0,-0.40597520141943566,-0.8777124208045114,1.9877206014923134,1.776509626313845,1.3837999770305727,1.522797407627101,9,19,3
218100467.0,-0.08286562114990316,0.4413625963363915,-0.8366191379202275,-0.9236796914627958,-0.9235986376207227,-1.0519771043235622,23,19,3
218582977.0,-0.6965202792559889,0.000575008130602098,-1.1816379129052823,-1.171497201899495,-1.51861743091552,-1.0064722071121985,23,19,3
219585507.0,-0.612768283376364,-0.9116998762178962,1.4180384381448976,2.7218452082076765,0.643587158506796,2.685685203847795,16,19,3
219585557.0,3.848769258301118,0.9631878109528896,1.4581569003524621,0.1775413459580895,-1.0172631030208863,0.5319426721382082,23,19,3
219705358.0,1.1329329848834087,0.7380269435328123,-0.11448681818406642,-0.4760508190006934,-0.17699296318226176,-0.8915390403423649,23,19,3
219803924.0,-0.7013218407747115,-1.0352222562524092,3.255464007251352,1.8446142343064962,2.5114686166510416,1.7653121697174066,17,19,3
219861540.0,0.08565048968617645,0.3338765824540303,-0.6119557495578662,-0.6789611687969124,-0.6900012796663503,-0.8890504793430156,23,19,3
220354778.0,-0.9193374362920123,-0.8725845880903317,-0.33915020654642763,-0.9093192224819064,-0.8860647575923258,-0.4964386812282727,23,19,3
221168547.0,-0.8602279667490962,-0.66396859214263,-0.7804532908296372,-1.0159986918184132,-1.2570356141820835,-0.5431527994844139,23,19,3
221784167.0,0.20544936380549964,-0.7126476666023341,2.445071070658549,2.5475451862830334,1.959349601003253,2.3261780315816196,17,19,3
223322748.0,2.7067507020565653,0.3377055545957217,1.7710809055714651,-0.4540499174099734,-0.6186123802217798,-0.33121771842329323,10,19,3
225401572.0,2.3470178503103596,0.9719090079729311,0.4792664224878882,0.45673212566781624,-0.870198301685028,1.992399546612998,13,19,3
226845678.0,-0.8016074021839711,-0.7471773609296108,-0.39531605363701794,-0.6000827736652541,-0.6652520493538563,-0.15508830893016312,0,19,3
227427525.0,0.027560001044339814,-0.6481080178154492,1.474204285235488,1.8948844569262226,1.485895553648497,1.509135798282815,17,19,3
230635933.0,-1.2227347109482398,-1.1729570593824556,1.714915058480875,0.769995081545747,0.6753833905130135,0.9901041201850448,10,19,3
231168366.0,0.9404227901022161,0.5272773573104872,-0.058320971093476115,0.5548784905706068,1.1203052283205088,0.44498600792094956,23,19,3
232008475.0,0.13767855660340936,0.06524798590267077,-0.29100805189735024,-0.5412610853479389,-0.12094831385235445,-0.8709121636713533,23,19,3
232114746.0,1.8398569891034433,1.4033318734636295,-0.17867635771616963,-0.4849612658814514,-0.5158171219324345,-0.5221505392330152,23,19,3
232725501.0,0.17150563469833216,-0.7018265098685097,2.2525024520622394,3.175923773364715,2.78225360625349,2.885573188508469,0,19,3
233436437.0,2.217265900116857,1.1087357401824611,0.2626267265670399,1.1903337412107682,1.5644579469224997,1.758676344975461,17,19,3
234487879.0,-1.087287446627492,-1.033732036767089,-0.28298435945583733,-0.10889838777511118,0.07080456394540545,-0.39030508122769425,17,19,3
234642965.0,0.08524221114331972,-0.6170382467763137,1.4340858230279234,2.1386448150123556,1.8632711929886858,1.8524884882160177,23,19,3
234932920.0,-0.34971510439620473,-0.48457576029254745,-0.04227358621045031,-0.3843691262583212,-0.057797081739328564,-0.34030973509418916,23,19,3
236063826.0,1.5167456933778478,1.3276459384576202,-0.30705543678037606,-0.04762439499520448,0.40833668713402876,0.04013097773204963,23,19,3
236388383.0,-0.5416283204676744,-0.3126147704459451,-0.7002163664145081,-0.47623328100442497,0.10707299736878645,-0.6500732698414718,23,19,3
236999735.0,-0.9624657171573935,-1.004422538860579,0.41507688295578504,0.3141703071764542,0.9867969022333335,0.11638770311986531,16,19,3
237522697.0,-1.2190773586231536,-1.1665029228681951,0.8563799672389946,-0.13460311444811288,0.477604276093335,-0.3488960516510135,17,19,3
237911172.0,-0.1256113553133641,0.47530017672228264,-0.8927849850108178,-0.39639530152701197,-0.13833406918120691,-0.5167408661379581,0,19,3
238059649.0,1.3047324786229662,1.1115139796076254,-0.29100805189735024,-0.13142583592872148,0.3186424402381728,0.08743253875390475,23,19,3
239123343.0,-0.6731557676857852,-0.7956142800588647,0.2385556492425012,1.1120022245519277,2.053492831440213,0.7947190430460428,23,19,3
240105538.0,-1.1041418024407998,-1.066781304802545,-0.05029727865196321,0.09682972129793249,0.5885198772793243,-0.16878582996060748,23,19,3
240509692.0,1.98766411435395,1.2768881225467237,-0.01017881644439871,-0.7156849414170994,-0.8896288532956488,-0.8475560646293887,23,19,3
241709989.0,-0.8161458923130076,-0.25184211956939234,-1.1816379129052823,-0.6464036381792455,-0.21541855570350832,-0.7242145579759784,23,19,3
241780855.0,2.2872050437818503,1.0201187494225856,0.3910058056312463,-0.7722917592888434,-1.2100240685114834,-0.4906611391629368,23,19,3
244370199.0,-0.42736693851785296,-0.7456634954205781,0.7761430428238656,-0.055300882357364224,0.250439066635569,0.27463640266680694,23,19,3
244872205.0,-0.1611556049267727,1.0224337893047184,-1.1495431431392307,-0.891117917516501,-1.4519165729273436,-0.6863468463105781,23,19,3
245021593.0,0.3323124859898819,0.624665023806725,-0.6199794419993792,-0.8782280751529026,-0.947821733395236,-0.9616037420296653,23,19,3
246226965.0,-0.5393244629758399,0.26158946137168193,-1.1495431431392307,-0.8803216812439421,-1.146495623693536,-0.6157028800104193,23,19,3
246518020.0,-0.7836774554195238,-0.8846401806646043,0.3428636509821689,-0.1514423566672457,0.4244069890195293,-0.36114965999877996,23,19,3
246581314.0,-0.3055489726130574,-0.024955649574406463,-0.7002163664145081,-1.4769473426902098,-2.798472205107513,-0.9246938607181544,23,19,3
247805578.0,-0.2777860316988005,-0.589218520400026,0.4391479602803237,1.2038107977327612,0.8040508154925268,1.1422251723461574,23,19,3
247851725.0,-0.011521518969784768,0.03955574803621081,-0.4274108234030695,0.06615058711984449,-0.07897753238797196,0.23623068476042086,10,19,3
248486485.0,-0.2712432822767184,0.202853065737704,-0.8526665228032533,-0.6454187021386752,-0.4448509492789439,-0.45815801880011503,23,19,3
249107679.0,0.29415388133734066,0.34879179363685825,-0.4354345158445824,-0.36208670692430417,0.09059311795714127,-0.8599018537904181,23,19,3
249518260.0,1.9813255042032962,1.795351911989412,-0.3311265141049147,0.07892962713358534,-0.0038066167204122937,0.6547654859821921,23,19,3
250073554.0,-1.2154097135616928,-1.155535905136549,0.0861054928537561,-0.4537234620046002,-0.33412709913474253,-0.6518860512956257,23,19,3
250955126.0,0.07349305257178333,-0.5357902681216631,1.0008064311862268,1.9141622848708737,0.8001944281875102,1.744031052630434,23,19,3
252305322.0,-1.0042027631561496,-1.0295606059910114,0.40705319051427213,0.14023840471355936,0.5549016798977586,-0.003849405921780966,23,19,3
252305398.0,-0.2742195985450227,-0.3980735664522811,-0.10646312574255351,0.34132722260341714,0.6516833863819134,0.7875576918010354,16,19,3
252407038.0,-1.257937584805226,-1.1846882361252482,-1.0211640640750241,-1.3519885708511306,-2.0953774943324857,-0.8465735830033976,23,19,3
252495142.0,-1.2238103018993791,-1.1682008278959093,0.7520719654993269,0.12547889689931538,1.1565170623038141,-0.16337223680544327,23,19,3
255088745.0,0.6920384759118376,0.7758396448156619,-0.45950559316912115,0.2866721173493163,0.4275936514269569,0.3134953170256735,0,19,3
256433042.0,-1.208161911697955,-1.1558212489787216,0.4231005753972979,0.4499116455024519,0.941781543689828,0.2002984135519712,23,19,3
258036481.0,-0.6335887736059942,-1.0071182772036418,2.982658464239913,0.8574838544303832,1.8655313451656792,0.30561530811216964,9,19,3
258863011.0,-0.33464653834387953,0.18037990195693956,-0.9008086774523306,-1.4709360686245994,-2.6081200369351674,-0.624616111974687,23,19,3
259060797.0,-0.6237849422092455,-0.5364722376814626,-0.4835766704936598,-0.10667055922130285,0.6798270319886297,-0.3685131503184497,23,19,3
259282099.0,1.5226485776886467,1.5170604014341267,-0.41136343852004376,-0.25496746518687663,-0.2791378686560582,-0.45627981389908345,23,19,3
259949730.0,-1.0456636207288557,-1.090207480992521,1.2174461271070751,0.012482641356385795,0.357160481788552,-0.15664352571903215,17,19,3
260269190.0,-0.40798056955640843,0.0008440929898342604,-0.8446428303617404,-0.5149717851320118,0.19395470936887846,-0.8788675652817315,23,19,3
260308520.0,-0.859687598089433,-1.0335888304373422,1.7710809055714651,2.8766571693432206,1.0871210006665213,2.3373639933354187,6,19,3
260498809.0,1.463750109241409,0.4895121371288767,0.41507688295578504,-0.3390543952667419,-0.0033414334793100925,-0.6344808099715561,23,19,3
261106539.0,-0.26994811294958887,-0.030457630517554818,-0.6520742117654308,-0.20371710150193764,0.7197036610291002,-0.4451422516445539,23,19,3
262583788.0,0.1301511354014964,-0.7403932333706592,2.4771658404246004,2.686924378239601,2.653264836561236,2.0125679400745637,17,19,3
263729743.0,0.6643081286627668,0.759261343184992,-0.46752928561063406,-0.6665625274351455,-1.0930547445892393,-0.27410111702142165,23,19,3
264428769.0,0.2876746037895682,0.04065666446511522,-0.09041574085952772,-0.5910489636097536,-0.2631331493487093,-1.0351116529095603,23,19,3
264779749.0,-0.9705901170690296,-0.9631590575913038,-0.05029727865196321,-0.2829312380073752,-0.7362169554717349,-0.3153196644673534,17,19,3
264913145.0,1.2661999045488164,0.7044905653402558,0.013892260880139992,0.2290377158193491,0.8089276608402878,0.269913255308337,17,19,3
265111669.0,-0.6565278520727171,-0.7020716778927716,-0.11448681818406642,-0.1783005456613706,-0.25310181292160755,0.10592341826239109,23,19,3
265231589.0,0.5153293469216248,0.2544114205447112,-0.1305342030670922,-0.1596610158586777,-0.10928475319200559,-0.23087706527336033,23,19,3
267261936.0,0.49850930022956524,0.0748326273202483,0.094129185295269,0.8120901517640903,1.9017121454874566,0.665431784373998,23,19,3
267341017.0,0.3978669239593218,0.27576523328319813,-0.2669369745728115,-0.4323174424250022,0.19682601967549337,-0.8441820142604823,23,19,3
267821252.0,1.1439221964192916,1.7207239714841234,-0.6921926739729952,-0.4314981657338152,-0.003301952340949784,-0.19629728927192241,17,19,3
268290540.0,-0.31835999848723384,0.1050526484305893,-0.8285954454787146,-1.0478137294545031,-0.7061929761166152,-0.9596082090897181,23,19,3
268636886.0,-1.033528484543274,-1.0595461156906998,0.6156691939936075,0.38344132544803533,-0.03601000213833973,0.32435983410664476,23,19,3
268691588.0,0.9229079837048753,0.6194263539258479,-0.16262897283314381,-0.6843379018912087,-0.677136854953926,-0.8992333934042999,23,19,3
269063672.0,0.49860536576906117,0.6675253890690604,-0.5236951327012244,-0.23247235641273106,-0.08817172254052721,-0.29110783680080254,23,19,3
272600884.0,-0.2595661728598038,0.8723387115143676,-1.1655905280222565,-0.49583365628241644,0.12219562329067751,-0.8572288729015027,23,19,3
273671095.0,-0.8633020640129585,-0.9097830473155254,0.1422713399443464,0.24945056734037838,0.6502314553956359,0.11992409756422781,23,19,3
274333944.0,-0.3239935561962315,-0.2728301000104921,-0.41938713096155666,1.1668194017443738,0.8110755530803745,1.1062353736265744,16,19,3
276462025.0,0.4699246558614078,0.2175281335410858,-0.1305342030670922,0.20661913224887019,0.0868628725184524,0.31388657779163953,23,19,3
277191634.0,-0.23599066019392187,0.8250722839639698,-1.1334957582562049,-0.5673642752885023,-0.23956164298544994,-0.6360687081329875,23,19,3
277343212.0,-0.8314975086156327,-0.7826534790967438,-0.3712449763124792,-0.7576650417337494,-0.751424743012789,-0.8171768625267443,23,19,3
277533267.0,-0.06133321665436737,1.2516278864792876,-1.1575668355807436,-0.6780519217687974,-0.6838374937713775,-0.8817315098614676,9,19,3
278414844.0,0.26398587102356635,2.027299865759405,-1.1816379129052823,-1.4873887013233937,-2.4575270831891127,-1.1359893274898005,23,19,3
278560945.0,0.7132946919813233,0.4537457138119136,-0.17065266527465672,-0.3374689891268512,0.18916593001021517,-0.6704360430898215,23,19,3
281327604.0,-0.4883942879385579,0.24728719430431298,-1.0933772960486403,-1.0058488719089282,-1.4045651448330851,-0.7000301370804286,23,19,3
281347918.0,0.18917311668522854,0.40920932663097703,-0.5798609797918146,-0.7568483742450803,-0.523729469458664,-0.8696392994136928,23,19,3
282349290.0,-0.40492877322135756,0.0984216973219107,-0.9168560623353564,-0.46738741757093016,0.3906700216112962,-0.9081434432079235,23,19,3
282466023.0,-0.9194197781830086,-0.8960258262371631,-0.21879481992373412,-0.2950562108042094,0.2294814725588557,-0.5674440225057861,23,19,3
283011439.0,-0.3124965696658715,0.05399463588166509,-0.7804532908296372,-0.4067475325416095,-0.034619448516044336,-0.5066590970527483,23,19,3
283498848.0,-0.5150576215168016,0.6016361395039201,-1.2618748373204112,-1.4109141968426244,-2.1258213605252605,-0.9937435645355933,23,19,3
284732520.0,1.6439278903898407,0.4125697813861542,0.6798587335257107,-0.31514384106589843,-0.4252301592627542,-0.4859957931530816,23,19,3
284997080.0,2.034731082338655,1.0219183869438988,0.2305319568009883,0.2933468730744116,0.3758730082313558,0.8112662082226387,23,19,3
285490816.0,-0.4880477658139483,0.0601432186296211,-0.9810456018674597,-0.9543202400030102,-0.7820500319958862,-0.9358282408120397,23,19,3
285939889.0,-0.9050476872920272,-1.0691479664185535,2.3247156840358554,1.064612765729272,1.9355761459575083,0.5405540177586444,17,19,3
287078704.0,1.6815186790857202,1.3443636577731282,-0.22681851236524703,-0.8963796720088153,-1.0317837477088823,-0.9905645860520863,23,19,3
288999254.0,-0.6153569065745605,-0.8604776785632626,0.8964984294465591,0.6885722869952152,0.8874854013923702,0.7081430724988291,23,19,3
289262902.0,-0.5441328863188122,-0.3156665461198886,-0.7002163664145081,-0.29070499234726704,0.5850820894007356,-0.4254128556508158,23,19,3
290919516.0,-0.6990317069313764,0.8329407329876347,-1.4544434559167208,-0.8356146460518916,-0.5862545820940555,-0.6678903145745005,23,19,3
291040133.0,-0.7491779185481311,-0.7544890386515912,-0.20274743504070833,-0.4677452580492333,-0.015385854605144012,-0.5436332457742933,23,19,3
293346437.0,-0.9349909728616237,-0.8838224251482477,-0.35519759142945345,-0.13152094755432936,0.6892413368451858,-0.2771520135390017,23,19,3
294890250.0,-1.119184636652189,-1.0939441902661433,0.2465793416840141,-0.4623544775750868,0.06945781488856322,-0.3961369777246239,23,19,3
295030732.0,-0.8531345559309764,-0.3601522629050809,-1.1575668355807436,-0.9835229140345619,-0.9717399682261291,-0.8712303797357684,23,19,3
295413553.0,-0.8861485078523106,-1.0880840276842392,3.3838430863155584,0.8470141588447097,1.2158947812029068,0.8400770941380885,6,19,3
297051632.0,0.6781913145759574,0.3297299554326159,-0.06634466353498901,-0.37614726209977634,-0.43683336131716644,-0.7410718549910592,23,19,3
297664615.0,-0.1713265439208798,0.08483955041678704,-0.6520742117654308,-0.6088603016410921,-0.0073721140271063345,-0.6452937918403822,23,19,3
298215407.0,0.17941388714610312,-0.26178980648914757,0.3187925736576302,-0.14007052895772587,0.6289437291600902,-0.31403723310552045,16,19,3
298305732.0,-1.0362217505612787,-1.0364125296444209,0.2144845719179625,-0.33062176099037266,-0.3415647820812543,-0.14524450188931215,17,19,3
298521417.0,-0.33773950562442867,-0.741822484736895,1.0329012009522784,1.500414428654563,1.0520270591797787,1.6011525659586368,6,19,3
299304587.0,-0.31916454738051026,-0.7679840812553614,1.2736119741976655,1.4552897787917691,2.2007237899525927,0.8023065626947729,15,19,3
300661463.0,2.6871533319994425,2.2967012080858087,-0.2669369745728115,-0.7175515252044057,-1.064898347896873,-0.7170996922781465,23,19,3
301025345.0,0.06039383007911944,-0.676411827172542,1.7470098282469264,1.8911126400158202,0.6894569106246866,1.866835186028065,23,19,3
302342234.0,-1.1381815970874634,-1.029504143897664,-0.7724295983881243,-1.3223764093230956,-2.2800268457189445,-0.47346348137750044,23,19,3
302419745.0,-0.3882854185037277,-0.517359570954916,-0.03424989376893741,0.28109827209442156,0.5950632748657811,0.22931824746584986,23,19,3
302626765.0,-0.847125313344308,-0.4738284574697375,-1.03721144895805,-0.7175005881192705,-1.9879701059015795,-0.13153654930307995,0,19,3
302931017.0,-0.9239674522044924,-1.0474244148283203,1.4902516701185138,0.732833072877913,1.5828329662838037,0.27501129283848663,17,19,3
304480964.0,0.006332947727915306,0.050077785694348675,-0.41938713096155666,-0.2678303289909271,0.2962417121930029,-0.4015941286564918,23,19,3
305282923.0,0.14256760638131544,0.06315194998659428,-0.28298435945583733,-0.2816642402550729,0.3722528018429891,-0.6427512454857053,23,19,3
305708899.0,-0.16831420307526473,-0.46944182503826837,0.2706504190085528,1.1185256187975892,0.7544162741730862,1.1223119691128913,10,19,3
306758965.0,0.08221271573708039,-0.8413388123391915,3.544316935145816,2.0250022924935887,2.166251550266546,1.7093759658662777,17,19,3
306862368.0,0.32464611284691286,0.3525424017159651,-0.41136343852004376,0.287144825192035,1.0344016151544932,0.3996602068915967,23,19,3
306890660.0,-1.211260025346691,-1.1604811454364032,0.6557876562011721,0.374214035946249,0.5681621785721381,0.3176410036341684,13,19,3
307256374.0,-1.0868688753482607,-0.9855089633946612,-0.6520742117654308,-0.49676965594831735,0.11123125819529464,-0.6632609623757436,23,19,3
308311950.0,1.354266272425436,2.213017913805319,-0.7724295983881243,-0.4614007465123781,-0.12681455129289626,-0.4753982350491444,23,19,3
309755073.0,1.7612530768671504,0.6530506630822515,0.4391479602803237,0.5578857764832672,1.1647732551829326,0.647898581961213,17,19,3
310346131.0,2.8841648834884337,0.927598777538984,0.8804510445635333,0.6538386997299653,0.2891568493721738,2.0755431451472757,12,19,3
312919373.0,-0.6603275872509844,-0.8571546522865032,0.6798587335257107,-0.16132217494232087,0.02256086628971105,-0.109424303686592,9,19,3
315036855.0,-0.16346803969891924,0.44749908379664877,-0.9088323698938435,-0.5273805780560544,0.3261015275314686,-0.8785493492173164,23,19,3
317409342.0,-1.045287935851185,-1.0568132613675152,0.4391479602803237,-0.16413014911113286,0.36740182312925557,-0.2909085932145535,15,19,3
317486532.0,-0.24049887872597012,0.07204429370142308,-0.716263751297534,-0.6553965910460936,0.007438430879195335,-0.9059159307570176,23,19,3
317540443.0,-1.1574736159654746,-1.0402251535361613,-0.876737600127792,-0.9301305912580895,-1.0566182503437351,-0.6731696484805793,23,19,3
318466684.0,-0.23626170225178472,0.3258758173075192,-0.9008086774523306,-1.0552990657321553,-0.7956007524666313,-0.8343173162636134,23,19,3
318997359.0,0.378520010487313,0.42300392680201715,-0.4274108234030695,-0.566557432710701,-0.06845296561772578,-0.5810675912165445,23,19,3
320485458.0,0.4826687789491498,-0.41637508455483485,1.297683051522204,2.9346383008836647,0.5083341819884303,3.2343582695633355,9,19,3
322828535.0,0.053941999828346195,0.49606179484525853,-0.7563822135050985,-0.8258596930780151,-0.9737547642786815,-0.7089433690446965,23,19,3
322909544.0,3.038123634178789,3.940916128741414,-0.6761452890899694,-0.592784911654132,-0.31030791473012287,-0.3948862772158499,23,19,3
323321310.0,-0.35426964024193847,-0.3497462242734453,-0.33915020654642763,1.1602997759083793,0.36678852153279,1.1199630895307475,23,19,3
323326407.0,-0.5674047632616454,-0.8826109458206534,1.3137304364052298,1.0409645083219974,1.6272394414661344,0.46882448988221437,16,19,3
323360406.0,0.4937489096563409,0.7326439043107266,-0.5718372873503017,-0.06353819659390088,0.4807945956406269,-0.37192361507801613,9,19,3
324287025.0,0.9942778177259294,0.7431684853096145,-0.21879481992373412,-0.10369207339020142,0.43279968778265404,-0.5136542975995578,23,19,3
325281968.0,1.536327624330409,1.183987762383838,-0.20274743504070833,0.048336952794673406,-1.434043647947442,1.3672009394344016,23,19,3
325998634.0,-0.20917636648218507,-0.46328943640345344,0.174366109710398,1.1428282530059752,1.3384484707191788,1.476248674537125,23,19,3
326453338.0,0.9938026363966385,-0.2568221461143586,1.5223464398845652,1.3838544746743022,0.7120025055745809,1.4791244942452384,23,19,3
328525222.0,-0.8348409324812954,-1.0397726275189103,2.1562181427640845,0.5172092151655404,0.48481628946326577,0.3820398801595518,8,19,3
329831262.0,0.44600262107091626,-0.5444093738659531,1.8432941375450813,3.300334699435007,2.0721015552403714,3.4249838267629964,23,19,3
330201840.0,1.6846270854708307,1.2975887137431488,-0.19472374259919542,-0.32786942391477153,-0.0653684392419654,-0.4375050660985908,23,19,3
330281915.0,-0.39894697793168793,-0.8705140352300629,1.9315547544017233,1.167619788584168,2.0964105792308008,0.700862399042772,16,19,3
331573650.0,-1.0598127023317223,-1.0871710982758738,0.9285931992126106,-0.2831283191525093,0.23482387041115457,-0.5033144049744693,8,19,3
331712123.0,-0.7195159677727716,-0.5560415044135726,-0.6520742117654308,-1.3095936286779415,-1.213080772447968,-1.0664569535458566,23,19,3
331835048.0,1.2736913011734188,1.658807774757875,-0.6039320571163533,-1.1052365489049658,-2.4512232742201907,-0.7143498599791095,8,19,3
331980138.0,2.626575432067092,1.214063945240267,0.40705319051427213,-0.31715861855686533,-0.4648821724101319,-0.44036901067832696,23,19,3
332092543.0,0.2011384227206303,0.24862083772328625,-0.4274108234030695,-0.6692007539063336,-0.9267334991895647,-0.9670134151247225,23,19,3
332209556.0,-0.07611358608820538,-0.697471936408241,1.5143227474430525,1.8391517591744715,0.9400792518839637,1.6333702804524386,9,19,3
335135509.0,-0.8072323826126567,-0.7349943097520634,-0.45148190072760824,-1.070216281554803,-0.7667603220143117,-0.8652819986652628,23,19,3
336069952.0,0.2298019780676594,0.09469662729661009,-0.22681851236524703,0.41680780141432633,0.8678807656092165,0.08551534648878133,23,19,3
337111704.0,-0.7621793600452365,-0.799715849132383,-0.058320971093476115,0.2696294241608921,0.4589097154144851,0.22607332798589058,23,19,3
337347153.0,0.8200886936914163,0.0752078819014066,0.4471716527218366,0.2045501882310809,0.42286352674868266,0.44898761047036734,10,19,3
339010321.0,-0.43801477429731395,-0.5292802178212779,-0.10646312574255351,0.46496488617618437,0.11408083763691194,0.7343612631309467,23,19,3
339604881.0,-0.35121612845082517,0.38421769551239343,-1.03721144895805,-0.7177368032310114,-0.734944181621497,-0.7025758655957497,23,19,3
340335840.0,0.12346771858229563,-0.5542813182506798,1.1933750497825364,1.3321053835394214,1.378851456221723,1.6361003440701125,13,19,3
342120095.0,0.01680752244507137,0.08916399024294845,-0.45148190072760824,-0.23170581685851363,-0.16069166401168228,-0.4379535492497549,23,19,3
342239685.0,1.8162831918936235,2.4085279848438774,-0.6520742117654308,-1.0713798111544306,-0.8665787892593335,-0.9425138648605823,23,19,3
343094499.0,-0.08350205534906233,-0.7005302828910521,1.5143227474430525,1.6906749787383577,1.879774624562324,1.5396565831082807,17,19,3
343334157.0,0.5744113691675419,1.834683651860892,-0.9970929867504855,-1.0491774304073795,-1.2474672110690745,-0.9119633883991788,23,19,3
345049133.0,-0.41280786291606736,0.5992250078694848,-1.1816379129052823,-0.5167513596518797,0.28836430383769535,-0.8384573072616542,23,19,3
345270596.0,0.32669436738544594,0.7730337917337547,-0.716263751297534,-0.3914983763513232,0.20893121934959255,-0.6635921542816422,10,19,3
345535071.0,-1.1515192679728037,-1.118883574721216,0.35088734342368183,0.34089472670829674,1.329289895130233,0.12811829965975025,23,19,3
346723703.0,-0.9033133612129169,-0.8269227651537849,-0.46752928561063406,-0.6972536540441857,-0.41797134526446894,-0.7929099918489042,23,19,3
346849410.0,-0.5069692461824762,0.3444971825831787,-1.1575668355807436,-0.966063376917843,-1.4219309146552808,-0.6742546358628031,23,19,3
347893953.0,-0.3763767225183861,-0.9305044467376109,2.934516309590836,1.249344593291427,0.140789953627614,0.8994120558727903,10,19,3
348320277.0,0.7531567445038508,0.47096006732759155,-0.15460528039163093,-0.33914898775107866,0.24291086768352185,-0.6309772511023455,23,19,3
348857469.0,0.9017100931415116,1.1352995748742984,-0.5477662100257631,-0.4413048299012092,-0.8175436336276436,-0.04200878255715367,9,19,3
348874489.0,-0.4462661179575691,-0.912492204686313,2.2685498369452652,2.0436863616897725,0.6604731165688553,2.0393205611056406,9,19,3
350245110.0,-1.212824521275621,-1.1715730531261637,2.276573529386778,0.23238675106900786,0.4221132296557495,0.2276892041827036,8,19,3
351394673.0,-0.08674598276310455,-0.884002656687658,3.5282695502627903,2.1166556220189996,2.1580966022438877,1.7523896634159097,9,19,3
352451741.0,-1.1084321580529202,-1.063444776048983,-0.14658158795011803,-0.5482397457635199,-0.23867033202950022,-0.6967211832454114,23,19,3
352666811.0,0.8202001983354742,-0.36576463073423054,1.6747965962733105,2.6995728789304403,1.4693767299285798,2.989647483827031,23,19,3
354120489.0,0.9911093703786339,0.6155068160599062,-0.10646312574255351,-0.3376925641501579,0.014249354003335336,-0.7846539715224731,23,19,3
355776828.0,-0.3836228089260616,-0.7732510448253805,1.0970907404843815,1.2549001915198856,0.2413354972492151,1.449151039439379,23,19,3
356422290.0,2.720275357652709,2.5755158579536848,-0.3712449763124792,-0.22709603210904625,0.021835635245629918,-0.42140707227794216,23,19,3
356437949.0,-0.006872633040618331,0.47986499836813856,-0.7965006757126629,-0.5795023881062227,-0.6499030881912082,-0.649115566774008,16,19,3
356945622.0,0.3031994811544981,0.5570959987292277,-0.5959083646748404,-0.37631258418337954,-0.2993978272430018,-0.6357792556494195,23,19,3
358354029.0,-0.10137710751951177,-0.8345264153306808,2.7178766136699877,2.1491086553294507,1.9198067658887823,1.5873693014088675,23,19,3
358701075.0,-0.2942321089692516,-0.08854410982132555,-0.6199794419993792,-0.6173219448257474,-0.0989701049553768,-0.9775145452504217,23,19,3
359997266.0,0.9506434773221334,0.6250446328352193,-0.14658158795011803,0.6340879316256547,0.4586891746191618,0.986118857141172,23,19,3
361820267.0,1.2923829104295816,0.9152435421040482,-0.15460528039163093,-0.6967479754536992,-1.178862513985581,-0.9105097110625672,23,19,3
362216487.0,-0.35084044357315425,-0.2837596332027499,-0.44345820828609533,-0.5713341927004655,-0.424950068580599,-0.6236170885512592,17,19,3
364430785.0,-0.12359912535214176,0.49248629716261255,-0.9008086774523306,-0.5780395417926815,-0.07911877772839382,-0.9794270237975568,23,19,3
364549181.0,0.6155119809671391,0.467897910042337,-0.2669369745728115,0.22124078211149834,0.6394263495944991,-0.13933661374161418,9,19,3
364781982.0,-1.0625025374376018,-1.0821170518843815,0.7600956579408398,0.3311173723827935,0.6814219856349324,0.08162381276256894,23,19,3
364982116.0,-0.5597383901186759,0.06086768662855838,-1.0612825262825887,-1.0614042720009995,-1.4501144182992822,-0.7834027459571926,23,19,3
365230805.0,-1.0539046716527367,-0.9991080144056885,-0.3231028216634018,-0.7847037343356074,-0.823719085014204,-0.9898968732841242,23,19,3
366161125.0,1.3520018704230372,0.885404701304469,-0.09041574085952772,-0.10052838916284565,-0.04230289517068213,-0.36017538028507,23,19,3
366921691.0,0.6719522008769244,-0.2889597555000763,1.145232895133459,2.6248726370594047,1.5928621929499072,3.010436947145662,23,19,3
368674110.0,-0.9415302913715811,-1.002078606858455,0.5434559620199915,-0.37387445076963005,-0.2219541930859725,-0.4155993849710833,17,19,3
369629735.0,-1.2259237437682844,-1.1684574469227167,0.6317165788766334,-0.20780341048710557,-0.25537609555905255,-0.1284854834328617,13,19,3
370181828.0,-0.10609289623511307,0.594521965335547,-0.9409271396598952,-0.4957384915382745,0.04088195724055016,-0.9145077644962261,23,19,3
371091145.0,0.9079440604723575,-0.1791950847465474,1.145232895133459,1.5611639087408253,0.7405866294724234,1.9646454857190796,9,19,3
371187871.0,-0.5254687243596479,-0.9019106755601244,1.7309624433639008,1.5503939515414054,0.5301531039017159,1.3277925210799018,8,19,3
372577592.0,-1.1571373865772396,-1.1009278156304199,-0.19472374259919542,0.15793359115576586,1.3088291812968924,-0.23795177210386292,17,19,3
372579561.0,0.7769758519305968,1.2427453053895108,-0.6761452890899694,-0.5998435512006776,-0.9723206233035426,-0.5603364669628309,9,19,3
373678172.0,-0.13341668039738974,0.1381150493457274,-0.6600979042069437,-0.42038568500020673,-0.11143156042663764,-0.6901654390835595,23,19,3
374134348.0,-0.06364222051438899,0.2013490462783325,-0.6440505193239179,-0.5478894285782565,-0.5464342518079276,-0.6669356663812551,23,19,3
374925981.0,1.9433384451569973,0.8882245502063669,0.30274518877460443,-0.3366603955824498,-0.8160340112934769,-0.3910423385333376,23,19,3
374930663.0,-0.25727432356040647,-0.3414220747260437,-0.19472374259919542,-0.5424348919967157,0.04248446738906324,-0.6847930290896455,23,19,3
376357650.0,0.17476671667299867,0.7667126177956013,-0.8205717530372016,-0.6628448092419194,-0.4025568863491631,-0.7512629234512644,23,19,3
376547994.0,0.2814543601072217,-0.01792195205875009,-0.01017881644439871,-0.3604257744678347,-0.41221731094662484,-0.1810466640866013,16,19,3
378609772.0,-0.8361549718251116,-0.6324138460830202,-0.7804532908296372,-0.6296348254456866,-0.544732339272276,-0.7199530084413311,0,19,3
380129148.0,0.6372090692446675,1.666384741756694,-0.9168560623353564,-0.7605428621902155,-1.1398648962532882,-0.9297853177487965,23,19,3
380177444.0,-1.0431813558065295,-1.1000709610108026,1.6025833642996943,-0.17066935557419358,-0.35166656154635206,0.20529203717078942,8,19,3
380324319.0,-1.0483980576923582,-1.050519935010362,0.30274518877460443,-0.14574850931092348,0.009323032440771265,-0.29939929414242444,23,19,3
382778395.0,0.4796324217186606,0.1867092079469064,-0.08239204841801481,0.942812550822615,0.7415944703356689,1.277444720868302,23,19,3
383042926.0,1.7328142462642984,3.1634616202598154,-0.8847612925693049,-0.9522490573032224,-1.403754255120808,-1.0452313056172389,23,19,3
383393031.0,-0.7575682141494429,-0.044628931357702795,-1.2297800675543595,-0.8055368331425043,-0.6315440434297104,-0.7961313885337978,23,19,3
384133982.0,0.6584549925777787,0.7309036498576439,-0.45148190072760824,-0.5441257227451994,-0.8293633566716446,-0.7243079857445031,23,19,3
384447116.0,-1.0865446541524628,-0.7987040266618604,-1.2217563751128466,-0.5954724482432776,-0.1339936744716905,-0.711664052752233,0,19,3
385861694.0,-1.0393833360843243,-1.1009546753848427,1.6988676735978492,0.1587414394885705,-0.5081852598582745,0.2224491159987194,4,19,3
386096851.0,-0.019330274965935826,-0.734615425442767,1.963649524167775,2.208226349626859,2.774099350900172,2.093586990947764,7,19,3
386343442.0,-0.7446799927524578,-1.0091626102467701,2.1722655276471103,0.9953422443817638,1.912229828576819,0.6073833018439239,9,19,3
386796396.0,0.8201693201263505,0.10240880792999081,0.3990294980727592,0.8047311745958078,0.026211378418694545,1.065230966596298,12,19,3
387047241.0,0.013913548067763468,0.3977926959763999,-0.7242874437390469,-0.5812715959940521,0.08743808689489371,-0.8543649283217666,23,19,3
387286312.0,-0.4272845966268565,-0.6270336744771682,0.2225082643594754,-0.3629980779776104,-0.45755498304331843,-0.3635517230685975,23,19,3
387992266.0,0.3906225530077085,-0.3762041151767441,0.984759046303201,0.05524574778087741,-0.2522636810618308,0.7765978943933441,23,19,3
388624181.0,0.13997212135886913,-0.6080264856627571,1.5143227474430525,1.76032523230254,2.086953095079761,1.6804459933413565,17,19,3
389747482.0,-0.6112312347444327,0.25068609964957944,-1.2137326826713337,-0.9102038759004791,-1.0825750339135436,-0.7178502366876759,23,19,3
389994183.0,-1.0180808027011532,-1.0928109823291994,1.706891366039362,0.4641077394078689,1.173378480993488,-0.023615902782659424,23,19,3
390383151.0,-0.5971010231582529,-0.6309577727787368,-0.1867000501576825,-0.09928396348863866,0.5315247783891295,-0.26470115814931966,23,19,3
390487708.0,0.7656984437762269,0.9363672427197874,-0.5156714402597115,0.24919302372521812,0.939179954958048,-0.2968503834664592,23,19,3
390643988.0,0.06906374501860654,0.5410481226992427,-0.7724295983881243,-0.5900172031780668,-0.45611775597463045,-0.9148718832279331,8,19,3
391305592.0,-1.2069525151739462,-1.1250558961534551,-0.6681215966484566,-0.23214005027355528,0.7842165859575593,-0.36301068541900894,23,19,3
391880006.0,-0.11792268124158341,0.22353521453727102,-0.716263751297534,-0.793272702239306,-0.6389300093301803,-0.9304185677169825,23,19,3
392302910.0,2.091464645235115,1.24881286845444,0.0700581079707303,-0.30300103001819634,-0.5774542312542452,-0.6204761209766463,9,19,3
393253804.0,-0.7532161021190753,-0.7579140687045652,-0.20274743504070833,-0.15398439154555843,0.0013051306621984277,-0.23030277776516134,16,19,3
394459523.0,0.7705188753116361,1.2689193850557419,-0.6921926739729952,-0.509758690802304,-0.4206445772398435,-0.3432595234464649,9,19,3
394783207.0,1.0687852208851558,0.9785410138858599,-0.34717389898794054,-0.582059441314337,-0.7801017074144129,-0.8082235989815727,23,19,3
396287922.0,-0.5533191535330884,-0.8516399663789553,1.0810433556013557,1.19635661455249,1.8182861153784842,0.900824042038308,23,19,3
397633952.0,-0.7296302967168189,-0.7780345613553982,-0.04227358621045031,-0.3649211907175666,0.08673424625764445,-0.5100600566122362,17,19,3
398669730.0,0.3563134317592447,0.42871867848226114,-0.45148190072760824,-0.03431706604110923,0.1740561761836369,-0.20791947868175198,23,19,3
398706604.0,-1.1106673973022576,-0.9937098547593275,-0.7724295983881243,-0.8563596839313655,-0.7246030813817362,-0.7518959587487073,23,19,3
398998336.0,-0.09558229694064628,0.8468695611002325,-1.0452351413995629,-0.4609035318266849,-0.0037266192094855886,-0.6316136832311757,9,19,3
399113270.0,-1.1190868556566307,-1.1046840641328992,0.5193848846954527,0.3194395470449613,0.7588466050716249,0.26015676768828855,10,19,3
399200147.0,1.4218192167075987,2.409061716698646,-0.8045243681541758,-0.48077336345796484,0.057855025643207374,-0.4826727179248872,23,19,3
399373710.0,0.4073379568799601,0.8727005450084939,-0.716263751297534,-0.531137106451723,-0.004882797762794026,-0.5447438798064895,23,19,3
399874329.0,0.010369415842797183,0.9253443828557268,-1.0051166791919983,-0.21993573964885305,0.42936072126076946,-0.4075195663487535,23,19,3
400444391.0,4.2296142278075655,3.3787970661497426,-0.17065266527465672,1.6098857635241166,0.5536042766311364,2.4705815932494883,23,19,3
400532172.0,-1.0571262981379677,-1.0678125877066977,0.5113611922539398,-0.09806609033994587,0.4523396325411974,-0.30225029497800104,9,19,3
400856284.0,1.113404233068783,-0.059374653371000057,1.0810433556013557,-0.39657484124269604,0.047306120885786285,-0.6335229796176666,23,19,3
402284713.0,-1.0592431709189978,-1.0926475361775072,1.0970907404843815,0.3605946199773055,0.2720674015825012,0.12066009970523334,15,19,3
402783181.0,1.0837920305192341,1.7939020987925813,-0.7483585210635856,-1.0156514262798664,-1.4651800593430604,-1.0230226246224294,23,19,3
403002938.0,2.4285723469740206,1.5397210029889126,0.0379633382046787,-0.6517467191325843,-0.9064835914235396,-0.7194046591484663,23,19,3
403152896.0,0.5569943437657591,0.5301530935573473,-0.3712449763124792,-0.6510047459629063,-0.3319961729062346,-0.7601729732548881,23,19,3
403536848.0,3.329270837093254,0.7634724600724735,1.4260621305864105,-0.03482413252128005,0.060977430857356574,-0.008873267949537958,10,19,3
403553964.0,1.1002638396306212,0.5878850737992583,0.0058685684386270915,0.025801761913280832,0.6893319166286831,-0.33707876509491924,23,19,3
403556752.0,-0.8755624284910973,-0.9046384642491523,0.04598703064619159,-0.4854227260802111,0.08018564851960001,-0.7621275199657388,23,19,3
404682931.0,-0.07395382690561472,0.1622033772237571,-0.6199794419993792,-0.442095153003095,0.1537142261137503,-0.7534904359021704,23,19,3
405508646.0,-1.1437756993070252,-1.0695437890852064,-0.47555297805214697,-0.03756330325913433,0.09070255279597297,-0.15571289084430148,23,19,3
405830606.0,-1.0624613664921037,-0.8657093964593173,-0.9890692943089726,-0.581850661266075,-0.08355340630995946,-0.5192865946532791,23,19,3
406523589.0,0.5475713436148688,0.6305117101624088,-0.45950559316912115,-0.48691416311620705,-0.8370692324525171,-0.4394111803244373,23,19,3
406807170.0,-0.5624676807139912,-0.8586970046499566,1.1051144329258944,1.2176462890960658,0.6077948021114575,1.1191296679349465,17,19,3
407497955.0,-0.39722637550107737,-0.030784032320324218,-0.8045243681541758,-0.873504026679531,-1.144472067759598,-0.11992543381229129,23,19,3
408079524.0,0.4520101482015227,-0.4597157864361146,1.4260621305864105,3.3208181427693324,0.38993096373024516,2.9264959697776924,5,19,3
408104983.0,-0.44341159906969696,-0.42406323403516244,-0.35519759142945345,0.08034833844845173,0.2784249803205244,0.3148502603543854,0,19,3
409951832.0,-1.020990216183023,-0.9554830591807678,-0.41136343852004376,-0.981544514875045,-1.0379858535849544,-0.8762772546957861,19,19,3
410360564.0,-1.2590749321746126,-1.186926189806015,-0.36322128387096636,-0.1630417982152525,0.5865251979952093,-0.3345621692602963,23,19,3
410872340.0,0.95384794924674,1.1913315316694146,-0.5477662100257631,-0.3667302385712767,0.30281003758388225,-0.20838949971969736,23,19,3
411180424.0,0.06564484108619724,0.4387898158446834,-0.708240058856021,-0.6006765627675756,-0.4690303434132735,-0.9055977146926024,23,19,3
411628100.0,-1.2083437500405716,-1.1685635099972533,1.9476021392847491,0.9251776729638671,1.1554622372890935,0.6397605410489529,9,19,3
414150661.0,0.3028529590298885,0.4122342085484363,-0.4835766704936598,-0.9674637877856078,-1.0588301943869425,-0.8900873881075257,23,19,3
414259851.0,-0.24526956203556893,-0.11072011246592728,-0.5317188251427373,-0.19652168798526462,0.34284324315566933,-0.36512717228504044,23,19,3
414568641.0,-0.44513391695636984,-0.2663776366232012,-0.6119557495578662,-0.3932312925195928,0.14933550853076877,-0.21698133345890586,0,19,3
415441473.0,-0.6621219542922792,-0.7474873693139016,0.04598703064619159,0.1291739838025966,-1.0726365365828856,0.3595320874790824,9,19,3
415900091.0,1.8532100990933453,4.041556987928898,-1.0131403716335112,-1.4178457023976596,-2.2960770061191487,-0.9963864762369867,23,19,3
417749255.0,2.1260945567672516,0.6095889815331089,0.7761430428238656,0.36130537686801967,0.9392374687982917,0.7819929784076678,9,19,3
417959696.0,0.43302176504656,-0.02981829860185515,0.1904134945934238,-0.241486928695375,0.31955846399943394,-0.16650860928812175,23,19,3
418345351.0,-0.42748530498616005,-0.9536147944098358,3.103013850862607,2.309048429466793,2.347462448453486,1.656584309513294,17,19,3
419127595.0,0.290194608745268,1.6958380730229667,-1.0933772960486403,-0.7542313992172858,-0.29510225866829914,-0.8855501026344492,23,19,3
419306185.0,-0.5673910396131457,-0.0016749845138845068,-1.029187756516537,-1.1030774255717941,-1.4702011907603438,-0.6758457161848788,23,19,3
421212446.0,-1.136044138833684,-1.0956447608858864,0.029939645763165792,-0.3505491251111302,-0.010385853034157786,-0.5851767205128904,10,19,3
421573978.0,0.9556714790410957,0.5871196121473287,-0.10646312574255351,-0.15929986563538626,0.09235725512362263,-0.5974150027884825,23,19,3
422294064.0,-0.2901304535239978,-0.7700909085485523,1.385943668378846,1.626339888878853,0.30691012784015326,1.6723549480755564,17,19,3
423032846.0,-0.728690226794611,0.3961447051700614,-1.3742065315015919,-0.7325188142417044,-0.7498582268449009,-0.7006665692092588,23,19,3
425057237.0,-0.18878130935603574,-0.05075770887841948,-0.5317188251427373,-0.7401276052233915,-0.20793216419216365,-0.9345553765543793,23,19,3
425388651.0,0.0883677720890548,0.20085489749234298,-0.49160036293517273,-0.4983654924079239,-0.030682936011084884,-0.8024957098221004,23,19,3
425858125.0,-0.20700288365109473,-0.7215677702296956,1.297683051522204,0.6974399547318664,1.6450047290064858,0.3709742675547126,10,19,3
426570078.0,-0.4196576789733232,-0.1109346215959528,-0.7563822135050985,-0.6224949899643097,-0.38884644698454807,-0.41841210223368297,0,19,3
426836146.0,-0.21232422835673154,0.25066236157479455,-0.8285954454787146,-1.4598004976277723,-2.8255312455031296,-0.7032122977245799,23,19,3
427017772.0,0.06310425065774843,0.8559086793921515,-0.9409271396598952,-0.8407293923081456,-0.9576044110419184,-0.9889703235693664,9,19,3
427901346.0,1.120550823024838,0.728062191103177,-0.11448681818406642,1.0827768949779992,0.46406799337904736,1.676469341580739,23,19,3
429283631.0,-1.1205604324142522,-1.125834172555665,1.297683051522204,0.46996457004639736,0.3262791942658761,0.3285178233596224,8,19,3
432451107.0,-1.087055860059065,-0.7420232869533783,-1.3019932995279757,-0.5933503968579266,0.20420807194807963,-1.044658134842014,23,19,3
432603176.0,-1.088069694591957,-1.0968869480406087,0.7921904277068913,-0.19427784669310202,-0.16602422453368101,-0.29875706542295083,23,19,3
432733129.0,-0.46211693197435944,-0.5043190979840342,-0.21879481992373412,-0.30882891577050714,0.05076817039667617,-0.4472358110431442,8,19,3
433119856.0,-0.3298741395782183,-0.10051636110686395,-0.6520742117654308,-0.32707778315951086,0.14199964894807895,-0.15238347238263453,23,19,3
433254392.0,-0.04990484836650394,-0.7931724094264202,2.4209999933340103,1.9580854058267638,2.027751416442114,1.5612509330261362,8,19,3
433800571.0,1.0716826261745889,1.365535664246726,-0.5718372873503017,-0.637674345238411,-0.8180544260472142,-0.6472062703875171,23,19,3
433884364.0,-0.49303459658741267,0.1522319155689903,-1.0452351413995629,-1.1033304935038228,-1.8305654571892505,-0.8228647201053129,23,19,3
434441889.0,0.6951640368575726,-0.6364916163360615,3.086966465979581,2.845920798122333,0.5519232444666242,3.052339212507255,9,19,3
434955588.0,-0.4127049355523219,-0.524352246259044,-0.06634466353498901,1.2744339489799594,1.2571835522607306,1.8073387031751467,17,19,3
435336329.0,-0.1098668995724441,0.12998920018127258,-0.6280031344408921,-0.2318058808717706,0.7774948160269606,-0.6246129298140429,23,19,3
436559389.0,0.18937039413240714,-0.2042211495706513,0.20646087947644962,1.992244016222026,2.546379159433813,1.6613182649418479,17,19,3
436684166.0,-0.9957455647684034,-0.9496373644603613,-0.29903174433886315,-0.3442455008204278,0.16136369579282042,-0.698847884087424,10,19,3
436851858.0,1.4192666180867128,1.18956323497102,-0.2749606670143244,-0.18795838794129002,0.33906361391249973,-0.6196905091568187,23,19,3
438340622.0,-0.07437068272878361,0.3316078435815947,-0.7563822135050985,-0.469692228995286,-0.09746174960939966,-0.6892107908903142,23,19,3
438753109.0,-1.2384946057937216,-1.1726074825728119,0.1422713399443464,-0.25934021584073613,-0.12446563883209225,-0.29987426344017076,23,19,3
439885435.0,0.12632566838229264,0.5502216361213123,-0.7323111361805598,-0.409265029812141,-0.17128354514722857,-0.5943855858552497,23,19,3
442063475.0,0.7387074580900603,0.004885238601050664,0.4872901149294011,2.7249062002313873,1.9446277481218228,3.234829841978613,23,19,3
445223792.0,-1.2038715560858346,-1.129692160253551,-0.49962405537668564,-1.1900920077220365,-1.6129520753297457,-0.7255035716989081,23,19,3
445439897.0,-0.7695438129212193,-0.28548358633867804,-1.0853536036071274,-1.0229160256733145,-1.1115983707551282,-1.0109272320140104,23,19,3
447167881.0,-0.41174942652555224,-0.050263480475236544,-0.8045243681541758,-1.304765961142935,-2.1728051519100413,-0.8088600311104029,23,19,3
449954592.0,-0.8141508169124095,-0.9823803993117587,1.1773276648995106,1.488721102363092,0.4450355971583313,1.6336006115795096,9,19,3
450758381.0,-0.3826810235477913,-0.20218951708429686,-0.6039320571163533,-0.39121510083777383,0.3727443809445583,-0.4454286461025275,23,19,3
450904789.0,-0.7269541852594387,-0.7587484507171345,-0.11448681818406642,-0.22812983486368263,-0.9084037089473495,-0.2305367650140741,9,19,3
451428092.0,-1.0228943724123127,-0.3518866527784526,-1.4464197634752078,-0.7318029932708695,-0.0033241271824154344,-1.0106090159495953,23,19,3
451627837.0,-1.0644958973821375,-1.049605414284775,0.1262239550613206,-0.16581561632747566,0.22391862413911895,-0.45103392661238106,23,19,3
451894789.0,-0.20325461215470017,-0.3677863435528898,-0.05029727865196321,-0.1910459541751713,-0.20097560409441467,-0.007017107681937174,23,19,3
451924639.0,-0.4968669254308659,-0.8326015861528003,1.145232895133459,1.0237691631399006,1.1868806430959744,0.7593182002995351,23,19,3
451969321.0,-0.5898909613278883,0.42180241945187685,-1.2618748373204112,-1.1094680580836676,-1.407664671569532,-0.8126786238833845,23,19,3
452903235.0,-0.5801008535796391,-0.4239982031881587,-0.6039320571163533,-0.409319244140255,0.10589464159973966,-0.2717144965383082,23,19,3
454527149.0,-1.055530923999914,-1.0531321116015775,0.2706504190085528,0.5339665231867686,1.5332358252617824,0.2782484461990277,13,19,3
455449281.0,-0.8272877794384462,-0.32776353790467505,-1.1415194506977178,-0.8419118393727237,-0.6517691212838295,-0.6605713450929526,23,19,3
455951719.0,-1.170873043269062,-1.1467499000386079,1.1933750497825364,-0.047269219420507824,-0.46796782360426664,-0.09036286063808699,10,19,3
456098911.0,0.18687783647370645,-0.0650840532421096,-0.05029727865196321,0.01197976934950291,0.889421454781579,-0.20610255809285868,23,19,3
456243902.0,-0.8666163251255601,-0.9268666814416859,0.254603034125527,0.9546992103656673,1.0163093169861281,0.6941311411910314,23,19,3
456524383.0,-1.2291882566550758,-1.177190849013261,2.3166919915943422,0.9978170376157359,0.33200443716043604,1.1020465222584768,23,19,3
456592475.0,0.09503918071581849,1.088088347631498,-1.0131403716335112,-0.9291498995775299,-1.7969194046218524,-0.0804666418248152,23,19,3
457412981.0,0.7246390029221277,0.15371511989640882,0.2144845719179625,-0.11267142382786913,0.6866688443415665,-0.6023229498870212,23,19,3
458332716.0,-0.056310361303592155,0.5052005266968506,-0.8526665228032533,-0.6377062129569964,-0.5075260204765036,-0.8129968399477997,23,19,3
458477724.0,0.09191705068220832,-0.7187212666321432,2.164241835205597,0.7078267823035534,0.44127698665383225,1.1424620700615433,13,19,3
458691529.0,-1.191883949121621,-1.1560364457531578,1.1612802800164848,-0.01831621457724619,0.5918142176809085,-0.2807836543741394,8,19,3
459397986.0,-1.081449749647066,-1.0061088569434975,-0.47555297805214697,-0.10878067138923374,0.45140587562597306,-0.23193748848641696,23,19,3
460317962.0,-0.05698796644824944,0.1379227918636522,-0.5798609797918146,-1.3284013904983287,-2.467225979292563,-0.8492635429499149,23,19,3
460471328.0,-0.623373232754264,-0.24660210419351197,-0.9008086774523306,-0.884798039284201,-0.49802480724113046,-0.866283329155158,23,19,3
461915650.0,0.811660658056731,0.3913655215489433,-0.01820250888591161,0.41330010427552566,0.810736870281938,0.32234227607395094,23,19,3
462596616.0,0.5952215666607975,0.44167479309394014,-0.2589132821312986,-0.17646989244652345,0.3724416307465549,-0.6615818561163064,9,19,3
462718595.0,-0.9357509198972771,-0.25374789892715244,-1.358159146618566,-0.8631556026795908,-0.34431874804320745,-0.9097345235299991,23,19,3
463261831.0,0.742244728490777,-0.211680007364764,1.0088301236277397,0.22481123824465554,1.140784625196342,-0.2412695389101577,23,19,3
463285508.0,-0.2785528405587037,-0.30332399039566377,-0.29903174433886315,1.368333643354024,1.5663148948087628,1.414624866403317,23,19,3
463438169.0,0.1855603662177654,-0.08586316932366739,-0.01820250888591161,-0.32978623797859075,-0.05705955823739282,-0.12374402658527284,9,19,3
463552787.0,0.5207947899365052,0.9518033891612262,-0.6841689815314823,-0.3260773882768067,0.3285567484057259,-0.04069540939449307,23,19,3
465077357.0,0.5833969280225144,1.2654904275660568,-0.7965006757126629,-1.2291557574167502,-1.8720376796194986,-0.889371877568075,23,19,3
465646206.0,0.18001258131188877,0.033614159493610477,-0.20274743504070833,-0.0963028232898708,0.4095208118336217,-0.36457640392075047,23,19,3
466891892.0,-0.9501367344367581,-0.9236419898895497,-0.21077112748222124,-0.7795977909167334,-0.5655947135197634,-0.955403413390159,23,19,3
466988249.0,-0.4924170324049402,0.08885829824361921,-1.0051166791919983,-0.5718415591647168,-0.34896417203970226,-0.7331246077796021,23,19,3
467378955.0,0.3086288995920674,0.2714123148621733,-0.34717389898794054,-0.06846862569651355,0.6114887828328788,-0.44068404458209787,23,19,3
467782191.0,-0.15029333713950896,0.24490942278797084,-0.7644059059466114,-0.49103995274852735,-0.1330421655740215,-0.22048171016747228,23,19,3
468165990.0,0.18780246729135244,0.7690679782648657,-0.8125480605956887,-0.6285417901466189,-0.7038842354459455,-1.001680032290139,23,19,3
470694108.0,-0.06975095955267775,-0.7646135007213323,2.0679575259074428,1.8452462783666697,0.47055105411736736,2.0908483848917956,9,19,3
473087516.0,-0.7749886704633504,-0.9332810305354022,0.8082378125899171,0.4340055672363331,0.6035533902577724,-0.07386399729702417,23,19,3
473138187.0,-1.0133358512324908,-0.5874564334869202,-1.269898529761924,-0.5873333030795391,-0.008988932812937984,-0.9962892930509144,23,19,3
473307532.0,2.2717813783246035,3.0264591738795046,-0.6761452890899694,-1.6713446310600877,-2.656352675014572,-1.0521189968666849,23,19,3
473930460.0,-0.6313981362142798,-0.8046540255359914,0.4391479602803237,-0.12975559185122043,-0.7465616496800503,-0.21203625581789504,23,19,3
475193725.0,0.7684671898609781,0.4996409710234628,-0.17065266527465672,0.31168457037740227,1.1475078006651707,0.14731559712394526,23,19,3
476009885.0,-1.0008679165707992,-0.9345029176617153,-0.41938713096155666,-0.7993713586447768,-0.2905439770130698,-0.9484867803896543,23,19,3
476357258.0,0.6179462131197176,1.116533541779722,-0.708240058856021,-0.8097440806690904,-0.4749075102010574,-0.9870610271828757,9,19,3
476359535.0,-1.069196246993177,-1.0717859945127226,0.4471716527218366,-0.15496043172097734,0.05400531397156602,-0.2396345785937189,9,19,3
477115877.0,-0.5157986985357683,-0.06838919711877173,-0.9168560623353564,-1.185358807599988,-1.7643524218530506,-0.7792659371197959,23,19,3
478188116.0,-1.1373770481941867,-1.0992792772723903,0.0861054928537561,-0.5231405235288588,0.0942364974635754,-0.4887378524694267,23,19,3
478421917.0,1.2432625415381564,0.517560842537158,0.1984371870349367,-0.24951673455893914,-0.2984415733047558,-0.027428400345603933,18,19,3
479066340.0,1.1230931289093495,0.4953222437973674,0.1262239550613206,0.5438139377655175,0.27133347772406036,0.8751071253691006,23,19,3
480072132.0,-0.5407277060349023,-0.8350082240819048,0.9927827387447139,0.898730093016532,0.5720333928684341,0.597423112442976,23,19,3
480358103.0,-0.8568793965152462,-0.9119723014283484,0.1904134945934238,-0.16960304653648212,-0.1683469168690619,-0.13742731735512342,23,19,3
480382676.0,-0.7204663304313542,-0.9858774630933081,1.875388907311133,1.123979788284906,0.5201708576474893,0.5539204220596964,23,19,3
481534363.0,-0.6143362102174188,-0.04826453543160325,-1.0532588338410758,-1.290712859954359,-1.9023521152443923,-1.0818894143785842,23,19,3
482037432.0,-1.255942509404628,-1.1850823725101505,0.3669347283067076,0.18698535819693154,0.3204903101021742,0.2567191287108269,23,19,3
483897334.0,-0.5685438260870941,-0.5231451848757799,-0.39531605363701794,-0.4948916683842601,0.02444469732805415,-0.4196849664913435,23,19,3
484688392.0,-0.23951249149007695,-0.24356526632623737,-0.33915020654642763,-0.3689503867400294,0.19817616074285602,-0.16635315761045874,23,19,3
484935293.0,2.095101412087452,3.3121202817635993,-0.8045243681541758,-1.0518531876767623,-1.1881782366228257,-0.8393239356069186,23,19,3
486479817.0,-1.1747225266731396,-1.1384244317121623,0.5675270393445301,-0.35708720580847475,-0.020528229943167803,-0.5170403842673331,10,19,3
487979491.0,-0.025915910789578195,0.9686273028258613,-1.0452351413995629,-0.8804904443185207,-0.8660628269502247,-0.8817315098614676,23,19,3
488365875.0,-0.8830949960611971,-1.00334255442795,1.0008064311862268,-0.1453593041194197,-0.61049503959289,-0.37347592285562653,8,19,3
488891796.0,-0.620161899005408,-0.9201157245127052,1.4822279776770009,1.3228140716690586,1.4897678375786414,1.0926106913664566,18,19,3
489205734.0,-1.0246647230687336,-1.1122094963067297,2.5012369177491394,0.27762489234766163,0.6135539112589956,0.0454939433511372,10,19,3
489711603.0,-0.2660403040393889,0.9347925493686784,-1.189661605346795,-1.228857701627022,-2.4679485418027682,-0.6761639322492938,23,19,3
490037044.0,1.057626179199093,0.4625562157037109,0.1101765701782948,1.3451161272963776,0.5049667594336599,1.6640935452698675,23,19,3
491785223.0,-1.1345465456911883,-1.0953222497008388,0.04598703064619159,0.024965436848761388,0.42684550747357836,-0.11352929091754721,23,19,3
492544253.0,-0.840959964255959,-0.9087911753698189,0.2465793416840141,0.5778575388359514,1.2651520448924671,0.3207482063489756,23,19,3
492565198.0,-0.52514450316385,-0.4774841428124065,-0.40333974607853085,-0.49140810473934554,-0.023505580370062562,-0.5167021869753284,23,19,3
492856270.0,-1.1618497443807159,-1.100679261944001,-0.2749606670143244,-0.4169730183687971,0.3317508874849321,-0.7006452708678016,23,19,3
496171351.0,0.3133858592531675,0.2758374345411621,-0.34717389898794054,-0.5029795889134282,0.03053935251022707,-0.3225336020254043,10,19,3
496800774.0,2.3784741681270134,1.781826920100263,-0.13855789550860512,0.7036444809252586,0.5788359282013684,0.9032025964309273,23,19,3
497561579.0,-0.7279800279847677,0.2275092944282907,-1.3180406844110015,-1.0257008011956226,-1.1642954581447509,-0.9698773597044587,23,19,3
498546152.0,-0.9710567211180087,-0.9462233917512486,-0.17867635771616963,-0.7394605900883281,-0.5186698627985895,-0.9281346673794625,23,19,3
499033466.0,-0.443022190543527,0.5354709873030467,-1.1816379129052823,-1.1008730967936318,-2.1149456986950557,-0.811405759625724,23,19,3
500659163.0,0.3990385804499569,1.469777792472914,-0.9730219094259468,-0.6825256157581572,-0.4953946534378817,-0.4505487425789669,23,19,3
500867383.0,-0.6204518110799574,-0.4693340383204983,-0.6039320571163533,-0.5646800174170062,-0.7480619681963008,-0.1774638942507581,23,19,3
500910515.0,0.7404760932904185,0.6631854489108702,-0.33915020654642763,0.8966435813297632,0.37907470902197166,1.263382105146395,0,19,3
500966899.0,-0.2542105190329186,-0.30883959683274115,-0.25088958968978575,-0.7951574892929594,-0.8108126340325323,-0.5040122235613529,23,19,3
502405114.0,-0.7114927797688186,-0.2098259362005513,-1.0612825262825887,-0.8526133820255843,-0.9524470656969114,-0.8508645516132001,23,19,3
502667038.0,-1.2202421532895389,-1.1699006839809722,1.2896593590806913,0.3956664819133476,0.6067765407465244,0.2219947651106869,9,19,3
504163037.0,-0.13820108735548825,-0.5634847846320109,0.6557876562011721,1.8273829546394214,1.0232260671721434,1.5079971695987655,23,19,3
504196643.0,0.2488349630802448,0.1719426698818263,-0.29903174433886315,-0.14823956247880057,0.20183784259119816,-0.5794395182769811,23,19,3
504197034.0,-0.38453200063914594,-0.31726237348596487,-0.44345820828609533,-0.6914696860821806,-0.33645215612345875,-0.7732652095066941,16,19,3
504253750.0,0.17499144141717604,0.023420470312116578,-0.19472374259919542,-0.22264243251589544,-0.12083513237884397,-0.41551671905357396,23,19,3
504631289.0,0.4366585318988973,-0.1123112849681373,0.35088734342368183,-0.09167333976318412,0.34249554058479986,0.07744664839773982,23,19,3
505768962.0,0.014483079480487916,0.34343873092817867,-0.6841689815314823,-0.5685644229118089,0.022995756445730292,-0.6207943370410614,23,19,3
507715740.0,0.1127289636315264,0.4847097002899752,-0.7002163664145081,-0.6390759288979472,-0.5031515399761799,-0.9132349002385656,23,19,3
507931367.0,2.008976940473495,0.6608102993401366,0.6156691939936075,-0.5676770801796633,-1.0461641156986852,-0.7333368145824244,10,19,3
508282617.0,-1.081578408851748,-0.9847972686903652,-0.6199794419993792,-0.6736821502041747,-0.6390293278244048,-0.5847898281652212,23,19,3
508417291.0,-0.46173610072850146,-0.5819150330065374,-0.01017881644439871,0.6723966002213633,1.0136854974728462,0.6541366508508609,23,19,3
508805623.0,-1.1847133427806924,-1.1411063811461668,0.40705319051427213,0.24902631300825323,0.07629946050843446,0.41041318565129037,9,19,3
509842353.0,-1.09866263577742,-0.9592285022787764,-0.8606902152447662,-0.8293631338398683,-0.7023637745992907,-0.8862220635868715,0,19,3
512125010.0,-0.9880483134163105,-0.46477189992951823,-1.3180406844110015,-0.7856926571476921,-0.23661869253218717,-1.0497495918726563,23,19,3
512240224.0,-1.1602389311381005,-1.0954826974619896,-0.33915020654642763,-0.10866946911160962,0.09428803196753267,-0.25898551457460267,23,19,3
512493578.0,1.753339678051192,1.953010646140052,-0.5076477478181985,-0.6387380998756769,-1.1389571695311562,-0.7238815448645679,9,19,3
512652539.0,3.081315386918481,3.6272158602183433,-0.5878846722333275,-0.29724732676795346,0.02314305974357656,-0.09776820481354391,10,19,3
513468437.0,0.6785635685415036,-0.511241033136386,2.1401707578810587,3.36894666196423,1.0510362902779085,3.3081314035075295,7,19,3
513568108.0,-0.6780688338485651,-0.15020559156830524,-1.0612825262825887,-1.1087186094287198,-1.4033201310631138,-0.9832424344098941,23,19,3
513804828.0,0.5986130232962081,1.683197324614325,-0.9409271396598952,-0.7330215767679715,-1.3922244556298138,-0.6873014945038234,9,19,3
514258048.0,2.1598959030212384,1.1604580539598706,0.1823898021519109,-0.5509353318908103,-0.9356935754436966,-0.6500702149672533,23,19,3
514396927.0,-0.7688027359022525,0.44538062464537864,-1.4223486861506691,-0.91033984142833,-0.7881092593775022,-0.8839590223123736,23,19,3
515694595.0,-0.9886710239669702,-0.826869810840231,-0.7965006757126629,-0.6616870388228501,-0.23325621765455762,-0.425731071715231,23,19,3
516840555.0,-0.5131534652875116,-0.5284652343164403,-0.2669369745728115,0.2980206735411866,0.6643667124717408,0.6513292671133957,23,19,3
517389551.0,-0.7614777385157053,0.6078424908676128,-1.4544434559167208,-0.9360730695772344,-1.1311114771648607,-1.020155497882049,23,19,3
517686272.0,-0.04328833433373775,-0.7001991355990037,1.626654441624233,1.7497767998276175,-0.05392773930193499,1.963476297007335,17,19,3
518106180.0,0.0909512489190642,-0.302239176542451,0.2786741114500657,0.022856604383059764,-0.2509448086430416,0.04444265257113413,10,19,3
518240479.0,0.13081844780977905,-0.0023015232133246563,-0.21077112748222124,0.1303802717623449,0.691608647983275,-0.27662030631696904,23,19,3
518746052.0,-0.46269847157952093,-0.9971534745235117,3.9775963269875128,1.6266151929540862,2.6260229561516253,1.2397725105292123,9,19,3
519439512.0,0.9887900737822377,2.907502108319738,-1.0773299111656145,-1.3738743756419487,-2.0336410567473333,-1.0513088983207002,23,19,3
519598586.0,-0.9947883402855711,-1.0243250912158641,0.41507688295578504,-0.47871290617770274,-0.1963839335857976,-0.2395428524259386,17,19,3
520038221.0,-0.3882219466294181,-0.7602567026707612,0.9927827387447139,1.0948169580022324,0.4084119255264599,1.090802053857902,9,19,3
521538348.0,0.05553565851033718,-0.15307852251510187,-0.07436835597650192,1.6143019761882076,0.5200842894971337,2.1008002517008926,9,19,3
521903290.0,-0.7717841985387439,-0.8371688236508743,0.094129185295269,-0.020369998121889242,-0.6473125618285209,-0.0038179179020028826,23,19,3
522448873.0,0.5937617135516753,0.45708699280323667,-0.2749606670143244,-0.27149252392632,0.2792688181749035,-0.33897471231750903,23,19,3
522643328.0,-0.8720817681404405,-0.47422417075230155,-1.0853536036071274,-1.484284797012303,-2.7518906203853395,-0.4152299415895317,8,19,3
523503688.0,1.5804388615195586,1.3586852604109374,-0.29100805189735024,-0.3634178909269394,-1.3384453274773216,-0.5237384373944467,23,19,3
525460691.0,2.1097822850696692,0.8160117991842406,0.495313807370914,0.10576671018538693,-0.01190053114670332,-0.22111496013565832,23,19,3
526566398.0,-0.9263021879054502,-0.9655847367408119,0.2465793416840141,0.18444734321625586,-0.13545814396252626,0.5860304701006511,9,19,3
526828764.0,-1.2294387132401896,-1.1790323371233327,3.1992981601607617,0.4608843860512356,0.6006933526786852,0.311263632007938,3,19,3
527375874.0,0.2553931516068886,-0.09517984709802962,0.0861054928537561,1.8526991571029514,0.16455294898510361,1.8993016479677356,23,19,3
527422781.0,-0.6097919671080597,-0.18362499178905412,-0.9409271396598952,-1.219528969395454,-1.7743748453747816,-1.0446613170026584,23,19,3
529096245.0,2.5819392653228403,1.419205847973465,0.20646087947644962,0.8685390209760037,1.1190680748060855,1.603469498563016,23,19,3
529326996.0,1.591184478294578,2.168039315437983,-0.6600979042069437,-0.09759913555391458,0.11110614315435621,0.1255283173769852,23,19,3
530401552.0,-0.7050718277271686,-0.18807105618343634,-1.0693062187241016,-1.201320955755949,-1.5064264647251404,-1.073934012768206,23,19,3
531504751.0,-1.1154397960679194,-1.0950023708217413,0.3268162660991431,-0.03970797986979878,0.22450308589426984,0.010782283249270021,10,19,3
532775898.0,3.193025885703479,2.330474109036815,-0.08239204841801481,-0.38449855672938504,3.440382207548683e-05,-0.5725267128636035,23,19,3
533241429.0,1.1693829952977766,0.51412399580859,0.1422713399443464,-0.4682916248409325,-0.39373533885835793,-0.8259172236140185,9,19,3
533804363.0,-1.037820555611457,-1.082232995060264,1.0890670480428686,0.676268067882909,1.6617355571031134,0.4521348414002011,17,19,3
533956091.0,2.4553900715978823,1.3532646460274669,0.1904134945934238,2.0895107087046827,1.0017652172077427,2.722604056268461,23,19,3
534657751.0,0.5570629620082562,0.8404811097922381,-0.5959083646748404,-0.508114667149032,-0.7484124142052307,-0.7805388013774565,23,19,3
534823079.0,1.7519690286573157,0.5971285489264494,0.5033374998124269,0.249478853128716,0.688577253773512,-0.061131430305054586,23,19,3
535489388.0,-0.5519553659634618,0.03688891889923068,-1.03721144895805,-1.2253922198256764,-1.7598157233915965,-0.9043248504349419,23,19,3
536358297.0,-0.6629745359553034,0.4005487697618578,-1.3180406844110015,-1.2130927717282087,-1.6098267487731945,-0.9915160520846874,18,19,3
536654211.0,-0.8829646214004533,-1.0260549801680048,1.4019910532618718,0.5399994681511557,0.6007935983682012,0.28758932684913613,17,19,3
536680948.0,-0.27603798197119117,-0.616301830063322,0.5514796544615044,1.1827746124821392,0.5874774688253545,1.354940718481012,8,19,3
536797290.0,0.3506781585941848,-0.036078962491895655,0.1021528777367819,0.46355747699735433,0.9064705960848923,0.046696590473755996,23,19,3
538090189.0,0.23687994978121718,0.14726730892704815,-0.28298435945583733,-0.39642532777973594,0.14158926988248705,-0.34047826731106795,23,19,3
538212119.0,-0.48997422297204984,-0.2496750325568245,-0.7002163664145081,-0.9767042739089402,-1.3640232834111954,-0.2109034066285769,23,19,3
538231250.0,3.331389425330346,1.952354219241629,0.1904134945934238,1.2457072970058856,1.201720330618549,1.991332751808996,23,19,3
538329511.0,1.1395872389495483,0.4092238038903465,0.2465793416840141,-0.23704045787212788,-0.27154504617031755,-0.10337819846270453,17,19,3
539699725.0,0.35986271035239836,-7.666306994299311e-05,0.05401072308770449,-0.3827184497380008,0.5159097894267566,-0.8919418332532956,23,19,3
541437105.0,-0.7948965380677716,-1.0568149172856447,3.103013850862607,0.9924082237755049,0.4613094133954794,1.0462552140752146,7,19,3
541453448.0,2.9252277552546575,3.046953113865998,-0.46752928561063406,-0.06844160331191948,1.040972585277618,-0.07110620552690791,23,19,3
541515079.0,-0.054401058706115286,-0.6775077541695879,1.4421095154694363,1.4904431782745848,0.6149328062651244,1.0052770595834384,23,19,3
542482841.0,-0.5268239346489622,-0.44161443479035306,-0.47555297805214697,-0.8508368801267601,-0.7662652212408863,-0.860039970904613,23,19,3
542959922.0,-1.0263304309053465,-0.9987997129770121,-0.12251051062557931,-0.2199616127431424,-0.4575983287438698,-0.07286770870517603,23,19,3
543063519.0,-0.8060367097371477,-0.9687655040431579,1.0409248933937914,1.3732333900383353,2.538931177468158,0.8510203536594381,16,19,3
545333793.0,-0.8957790781867543,-1.0080227789286145,0.9767353538616881,1.1009873744867797,1.7100990515973538,0.8264866389976845,23,19,3
547673217.0,-1.0903701211716665,-1.0372548952175262,-0.2749606670143244,-0.34132923100532847,-0.14296051910268978,-0.6265177012137056,9,19,3
549693058.0,0.4380772140625213,-0.25486520118147676,0.6878824259672236,-0.08551701514053056,-1.0204004740291845,1.8708877812816287,9,19,3
552300414.0,-0.13938303658249757,0.0961678402115997,-0.6280031344408921,-0.7234478020277824,-0.14243330477214158,-0.8546831443861816,23,19,3
552404741.0,0.3618028911589989,0.49246709576519065,-0.49962405537668564,-0.6239087590873846,-0.2897617470597921,-0.8429091500028218,23,19,3
554053886.0,-1.013620616938853,-1.010058699375447,0.0861054928537561,0.04560014153581816,0.5143919975106228,0.3732894604568309,23,19,3
554443502.0,-0.5407585842440256,-0.7053053675262363,0.2305319568009883,0.3457380527209052,0.6248107052106098,0.26985398789672754,23,19,3
554763849.0,0.08979846244511577,0.3901173654219115,-0.6520742117654308,-0.23821033289755034,0.31936654428933564,-0.0890584755640237,0,19,3
557388018.0,-1.1907894881537953,-1.1596689028625426,1.6106070567412072,0.24252844013011396,-0.9958224789896005,0.19465624637171042,23,19,3
557412297.0,-0.03752440196399593,0.6673324011658852,-0.9248797547768693,-0.5101421275324252,0.29114423777402454,-0.5940578233089022,23,19,3
558097325.0,1.7858715868189854,1.2981713715737806,-0.13855789550860512,0.7631521103517811,0.5918135002400006,0.6654708657396848,23,19,3
558411682.0,-0.5633768724270755,-0.5567148331713713,-0.30705543678037606,-0.6959705800348533,-1.0737730760808748,-0.20870771578411249,23,19,3
559081385.0,0.07598217931835925,-0.3251134484376576,0.3107688812161173,0.5293256412636614,0.6781838444846164,0.6248037043914597,23,19,3
559177863.0,-1.2127027238951893,-1.141580245515246,-0.41938713096155666,-0.34813036014456394,0.10731766880772022,-0.555210419845987,10,19,3
559371974.0,0.7018989173586461,0.9742686121195392,-0.5798609797918146,-0.14747848022795826,0.47869418201580244,-0.11029637481112163,9,19,3
559748357.0,0.09311100810165486,0.2939077320389622,-0.5718372873503017,-0.7186120576776377,-0.5930675337325667,-0.7541300501916449,23,19,3
559995459.0,0.8265954185361876,0.33565804648647335,0.062034415529217395,-0.050351345719679905,0.26676809860282275,0.14588711142021676,23,19,3
560592808.0,-0.9061970428538504,-0.9658344332399071,0.3749584207482205,0.526961082331922,1.5208800971330778,0.3934495477547847,19,19,3
561680093.0,1.2058055584151457,0.19761272290408002,0.6317165788766334,0.215143084462983,0.4340449746639989,0.004256767119743348,10,19,3
561947181.0,-0.06548633578149392,0.15419077622877708,-0.6039320571163533,-0.6106992922425925,-0.13818571916474698,-0.9765598970571764,23,19,3
562753765.0,-0.46951397851552823,-0.5139883784277154,-0.21077112748222124,0.6074459685049282,0.27558953273118403,0.9730643392915249,23,19,3
563913117.0,1.5850122673819789,0.5216080110180228,0.47124273004637535,-0.3376490905511852,0.06511249386797816,-0.3694036461531088,23,19,3
564343364.0,0.0802090630561702,0.007535568655071952,-0.28298435945583733,-0.17721856262530217,0.5425229896959061,-0.08901526554093013,23,19,3
565569286.0,1.5115049751071452,1.0531096591766673,-0.12251051062557931,-0.6953880617837401,-1.1455213526119432,-0.8222958611577609,23,19,3
566606245.0,0.6901651978916715,1.5552722838241193,-0.8526665228032533,-1.3439052999746595,-2.98403576995713,-0.9307399659420419,23,19,3
566956901.0,-0.8362030045948595,-0.702290269810549,-0.6280031344408921,-1.1285479748231533,-1.55238179583911,-0.7931657101384181,23,19,3
567245759.0,0.1235586377536037,-0.6268871257235795,1.5865359794166685,2.1468480996294868,0.4252433759397563,2.1900037595142807,17,19,3
567357816.0,-0.9788740543944714,-0.8138304319988577,-0.7965006757126629,-0.6484402727406282,-0.3022126376965373,-0.5688437029613147,23,19,3
567671968.0,-1.1421683169765346,-1.0412785141462226,-0.7242874437390469,-0.42685708072503004,-0.16325155092958066,-0.56724426513286,9,19,3
567999816.0,0.7595073628469415,0.5084935408990794,-0.1867000501576825,0.09778122419135309,0.661945507895648,0.21802002659657652,23,19,3
568867330.0,0.3839682989415691,-0.5198031653616743,1.5785122869751556,1.826814196507029,1.754733583298969,2.291776527220885,9,19,3
568979773.0,-0.7327592885746788,-0.7749285283373724,-0.06634466353498901,-0.028645958674274268,0.0015135533313847178,-0.18426757168815006,23,19,3
570295880.0,-0.016180697635326594,-0.46783774674030265,0.5595033469030173,2.005948609450945,0.5958108881637978,1.720138479578444,23,19,3
571739791.0,-0.09190435914281118,0.0753159009902354,-0.555789902467276,-0.41236872695291227,0.12543211843495697,-0.3224357505855973,23,19,3
571965108.0,-0.8445349746900489,-0.8918518489604281,0.1101765701782948,0.36892867297542636,1.2557650177659898,0.12107606138683116,23,19,3
572394899.0,0.47060226100606506,-0.25476248443022353,0.736024580616301,2.5289024425711166,0.5260857246017839,2.783495775515844,23,19,3
573143664.0,0.6417584587222138,0.8308620688037275,-0.5317188251427373,-0.27309518541957767,-0.0389772058923149,-0.5593786366089413,10,19,3
573394780.0,-0.33430859349958214,-0.052003697773874445,-0.708240058856021,-0.7628450364939534,-0.3219972183058604,-0.6501449161883748,23,19,3
573643030.0,0.1025374391646701,0.16707739477336056,-0.44345820828609533,-0.24049478720236692,0.0970387420860805,-0.5320111716607261,9,19,3
575282647.0,-0.7811746050244484,-0.5961724182828143,-0.716263751297534,-0.7096356125921532,-0.7493110074548861,-0.24864383186821126,0,19,3
576847581.0,0.3334309633425819,0.8244690491582493,-0.7403348286220727,-0.6129453904455181,-0.4443319012696627,-0.9253271106863404,23,19,3
579690299.0,-0.8660708100977098,-0.9342613275892668,0.3187925736576302,-0.09881636313970653,0.25036976727234694,0.011179584726742174,9,19,3
580583985.0,0.9490704041128913,0.4887191438529485,-0.01017881644439871,-0.4841059991156141,0.014489065569779549,-0.8853428390292083,23,19,3
581001534.0,1.1003444660655555,2.2152635838428023,-0.876737600127792,-0.6676483334918462,-0.40723177979805397,-0.6768166827767215,23,19,3
582824136.0,0.07706977846193573,-0.4801025055452412,0.7841667352653785,2.4531843841195715,2.6850047930767733,2.1922615553512634,23,19,3
582929814.0,2.013691013733035,3.1691552598534,-0.7965006757126629,-1.035647910066504,-0.8325686698724463,-0.8209554237188221,8,19,3
583489607.0,0.18762234440479814,0.7095476895395053,-0.7804532908296372,-0.49457004366091334,-0.4863254303769571,-0.6621656075756723,23,19,3
583743793.0,-0.15654788994310406,0.17579863473012286,-0.716263751297534,-0.6684718361131783,0.008528643968134929,-0.9256453267507556,23,19,3
584512556.0,-0.5415185312796793,-0.9130811193809222,1.7951519828960039,0.5488339583119933,0.16051606343696934,0.5511204307688997,4,19,3
584553451.0,-0.18070665767020982,0.43577821255722327,-0.9168560623353564,-0.46795208931624743,0.09738689765858717,-0.8476855731296931,23,19,3
584706957.0,-0.8620875211207629,-0.8010217337375234,-0.41136343852004376,-0.2788473466509859,0.25196234161427633,-0.41433516836613093,16,19,3
585323829.0,-0.5382728884095745,-0.16446329462122852,-0.8606902152447662,-0.7681269863259836,-1.203020887759236,-0.6347958438753271,23,19,3
586149797.0,-0.7939770536183128,-0.9955383636585114,1.530370132326078,0.7244545429816803,0.6939013766785158,0.9474944713359152,17,19,3
587622302.0,0.13421676626943932,0.5229362518694857,-0.708240058856021,-0.6588985534129729,-0.8204027968042699,-0.8349537483924436,23,19,3
588477267.0,-0.910933417042201,-0.7009570683316158,-0.8446428303617404,-0.50543796687472,0.05779111700870089,-0.6693129631336813,23,19,3
588585437.0,-0.09755164050030818,0.3473695989745609,-0.78847698327115,-0.5696615446907685,0.15521141549380443,-0.7548941506055186,23,19,3
588704626.0,0.07474876640947704,-0.2601804139632794,0.1583187248273722,2.2853909730469564,0.8737854721985807,3.279985892583788,23,19,3
589275555.0,-1.0155487895530169,-0.9299520783995402,-0.5236951327012244,-0.7149582543265005,-0.24480156436085965,-0.8890230968506729,23,19,3
591158111.0,2.5584889809495155,1.6357842802699611,0.0379633382046787,-0.05241615553951079,0.2349727916367779,0.35612579855274284,23,19,3
592835414.0,-0.4099533440281953,-0.6804487954093105,0.4872901149294011,0.6547452850357903,0.2197667628491851,1.1584003686185802,17,19,3
593338271.0,2.7977813780090512,3.1729856680603286,-0.5477662100257631,-0.4776267377478891,-1.902427288287838,-0.425689341142432,17,19,3
593503328.0,-0.1444487783348332,1.2548249741022066,-1.2057089902298208,-0.7373241480687263,-0.4030750926353664,-0.8244526182667443,12,19,3
593930987.0,-0.6754133078639339,-0.15609980098585644,-1.0532588338410758,-1.0572788499879406,-1.486967623822621,-0.6188850406545706,23,19,3
596130553.0,-0.4847660983665328,-0.8097176738716958,1.0088301236277397,1.2830739819562325,1.9231183422905205,0.8989514980412016,23,19,3
596414815.0,-1.0105465196749905,-0.9411830577330205,-0.4354345158445824,0.24782376029169245,0.48747057299944735,0.25165968332884686,23,19,3
597942745.0,0.5282587392641082,0.6988105761329179,-0.5236951327012244,-0.5614057822507862,-0.5518229474769868,-0.6841193338596722,23,19,3
598254201.0,-0.1108001076704024,-0.4645801938073951,0.3669347283067076,1.9328115201205283,0.10845673113679827,2.203474247613914,23,19,3
598326737.0,-0.6683730761837492,-0.8820063964428235,0.8483562747974817,-0.19590975081752363,0.19981050338790607,-0.08595892779661923,8,19,3
598679836.0,0.9494357962541871,1.7526736772658853,-0.7965006757126629,0.015139801198760522,0.062049236028296546,-0.021257149278089076,23,19,3
599377999.0,0.06558480012401235,-0.704637059235702,1.9716732166092876,3.3361489324197784,3.1293853616252654,2.7399559190224787,6,19,3
601343377.0,-0.6549805107044113,0.0012579823267570285,-1.1334957582562049,-0.8723474462130244,-1.1184545266943042,-0.7954949564049675,23,19,3
602582955.0,0.37610464835142116,0.3762111759873535,-0.38729236119550503,-0.4799297757437638,0.32645417999657733,-0.8508645516132001,23,19,3
602696768.0,-0.21431758830126726,0.11369442617985966,-0.7242874437390469,-0.5056369886565839,0.25420079962265657,-0.7528540037733401,23,19,3
603308018.0,-0.40680376669758606,-0.7717193042679381,1.0088301236277397,2.3278505799741747,2.426974377122126,1.9478307813092948,7,19,3
604250551.0,-0.6048514536482809,-0.6793838128971275,-0.05029727865196321,-0.2113073292352816,0.13380460383345144,-0.21297843965228416,23,19,3
604789281.0,2.38370287820528,0.7056681077733453,0.8323088899144558,1.9893872185384074,1.4620149769265738,2.3960633413245596,23,19,3
605595282.0,1.9262833809843856,2.5624640731175203,-0.6600979042069437,-0.1282915932238566,-0.032174750750278786,-0.05353601629336302,0,19,3
606934288.0,-0.4192339613259046,0.08798817715725235,-0.9248797547768693,-0.9651032588721561,-1.6975609012679713,-0.6300226029091002,23,19,3
609670640.0,-0.7233208493192264,-0.6216429486802209,-0.5236951327012244,-0.5628773304247606,-0.31261191512816794,-0.5566566555441851,23,19,3
610498049.0,-0.1844755146393536,-0.23831495331340974,-0.2669369745728115,-0.683754982156901,-0.6402285643091198,-0.6885514336552089,0,19,3
611329387.0,1.4368123026931772,0.47292526845065563,0.41507688295578504,-0.14518590089209824,0.2624553020930025,-0.46018319259601986,23,19,3
611725249.0,0.08358679604308124,0.4153415706512826,-0.6761452890899694,-0.6995923935169297,-0.5555311385414948,-1.0869808714092264,23,19,3
612995982.0,0.16292149256196667,-0.6691809177805278,1.9716732166092876,0.772839777063682,-0.08212393506807462,0.753632429048857,9,19,3
613881107.0,-0.7621107418027396,-0.37544407964694143,-0.9890692943089726,-1.0867510269988636,-1.2207903610556345,-1.0577049934830345,23,19,3
614118993.0,1.986530197896688,3.454351062581094,-0.8687139076862791,-0.9832284777309915,-0.9531485724717754,-0.8632590673221695,23,19,3
615000384.0,-0.3238803360961117,-0.7885846164292534,1.4180384381448976,1.6630960593055986,0.6680126284620428,1.4297161629664292,17,19,3
615620138.0,0.191971025523041,0.12754674411642658,-0.30705543678037606,-0.2649947009086079,0.4696078713266103,-0.7937896365157671,23,19,3
615841733.0,0.06473908028523767,0.43767833263799133,-0.708240058856021,-0.11632517681496202,0.6446909075023725,-0.7073305399308705,23,19,3
616859189.0,-0.6711950014064353,-0.7865680576945346,0.1984371870349367,0.5738396395697707,0.9993956105069716,0.19205859555265178,9,19,3
619060988.0,-0.5251633731805364,-0.5185965148228513,-0.3150791292218889,-0.5533974627357972,-0.13936300181386285,-0.3698841524103757,23,19,3
619561188.0,1.0374747168338077,0.635767015738464,-0.09041574085952772,0.27555925711487866,0.8384337611036151,0.1951402915651288,23,19,3
619971616.0,-0.6120031899725232,-0.8383065724207989,0.736024580616301,-0.10929537682929076,-0.7222802772791742,-0.16019708799460583,9,19,3
620248116.0,0.27391493071287165,-0.013345546564053736,-0.026226201327424512,0.0190269154418837,0.3367566311957589,-0.22000254416014706,23,19,3
620798190.0,-1.0473893695276535,-0.40651210858099124,-1.4624671483582337,-0.7551886163142437,-0.0628806074509275,-1.0818894143785842,23,19,3
621542680.0,2.1888493704428167,1.081310600219746,0.2706504190085528,0.4106254077030526,0.06452052877593994,0.276062642047137,10,19,3
623153278.0,-1.0413578260121736,-1.0058624555673419,-0.17065266527465672,-0.062311993541754256,0.20677116385086197,-0.26567778456082725,23,19,3
624186151.0,-1.2449189887474965,-1.1782779563738974,0.3990294980727592,-0.4660520910669697,-0.24561580363021548,-0.7319337159801351,23,19,3
626193247.0,-0.16349377153985553,0.3297572034594305,-0.8366191379202275,-0.513089949771676,0.012563273362035046,-0.862956762060975,23,19,3
628498691.0,0.45879134601628135,0.6708411827223069,-0.555789902467276,-0.8637919530363443,-0.563854074044186,-0.7493536270647737,23,19,3
628700517.0,-0.4954207959702433,-0.8679821221258335,1.4822279776770009,2.788891031748752,2.013269461732632,2.329708079101419,23,19,3
628781126.0,-0.6434251986679287,-0.11060962247741189,-1.0452351413995629,-0.7485069140746203,-0.7916921177775446,-0.6806221393117499,23,19,3
628866686.0,-0.007265472478913079,-0.3376442574218662,0.20646087947644962,1.793320397101332,1.5964402717728468,1.7019218522662578,23,19,3
628962955.0,2.8638710382699673,1.159541118366738,0.5996218091105817,0.006535429565996679,-0.5234750506675472,0.12874283307127896,9,19,3
629419118.0,0.256614556323334,0.2864123440194501,-0.41136343852004376,-0.41953169857248895,0.0987765411014256,-0.619524654944045,23,19,3
630626295.0,0.28509112695955896,-0.18637471353855128,0.30274518877460443,-0.04483656221099458,0.03910561026168948,0.1752907909981877,9,19,3
631187989.0,0.08019533940767068,-0.760426711857511,2.517284302632165,2.436605670890209,2.020825352684816,2.071273562141443,17,19,3
631881921.0,-0.4981878265989319,0.021157996378620304,-0.9649982169844339,-1.0141074051961125,-1.5232549684916425,-0.7003483531448438,23,19,3
632577945.0,-0.04837123064669768,-0.1894411825247211,-0.15460528039163093,1.3451914370846523,1.138359046705527,1.4063463271983017,23,19,3
632755021.0,0.9247023507461697,0.28893360405767804,0.2144845719179625,0.23287216144850645,0.7676591178017695,0.05765382071558185,10,19,3
633094830.0,0.0633049590170521,-0.8733523205277611,4.009691096753564,2.4353343618984353,2.5551780066188363,2.2197417518368003,9,19,3
633315674.0,-1.1567479780510692,-1.1147560386608122,0.1262239550613206,-0.3667463619371897,-0.5973229933637713,-0.09493110025946172,23,19,3
634167952.0,-0.5307814917849725,-0.357813339395087,-0.6199794419993792,-0.6938957092437622,-0.6924317791137394,-0.3207197704582382,0,19,3
638269490.0,-0.7839227656364504,-0.7449242148860648,-0.34717389898794054,-0.5289856027049453,-0.17657621792507935,-0.6715741506997593,23,19,3
638508173.0,-0.13451800318946544,-0.5067263986870851,0.45519534516334953,1.9816521296425682,1.2435136196932313,2.496573443196708,23,19,3
641109482.0,-1.1210081664465443,-1.0618670548513425,-0.30705543678037606,-0.29135592627203377,-0.4373834329251505,-0.19809540096550596,9,19,3
641303771.0,-1.2407916014613063,-1.1726761200718698,-0.06634466353498901,-0.4281899794365665,0.12113996612153254,-0.5221505392330152,23,19,3
641846557.0,-1.1209927273419829,-1.1479631599767082,3.0468480037720163,1.2103849540325284,0.4651356901342906,1.4386404657038117,9,19,3
644570466.0,-0.5778759070666762,-0.179318615092381,-0.9008086774523306,-1.130905209629345,-1.4092127408985973,-0.6729817716051426,23,19,3
645636383.0,0.7755554543109107,-0.3509389232842982,1.538393824767591,3.576517068112122,2.381086823357103,3.0065434500890955,5,19,3
646268650.0,0.08693021990874415,0.7066979326771904,-0.8526665228032533,-0.45299147970561154,0.23171878601194415,-0.6083839105288713,23,19,3
647427126.0,-1.1872076158954556,-0.591811335290129,-1.671083151837569,-0.5053130499142836,0.5282046093289795,-1.0039264785968776,23,19,3
648531422.0,0.2238459146189262,0.5351919535203329,-0.6440505193239179,-0.4314449727160724,0.07906506579568169,-0.8968598197798278,23,19,3
648685081.0,1.846435763102836,0.8875979274996486,0.2385556492425012,-0.41790277867700193,-0.6403303349014928,-0.6480523204962199,23,19,3
649002949.0,0.6600143421385212,-0.06528042754579393,0.5354322695784786,2.352996339358924,0.8748041970988305,2.1410240779062324,17,19,3
649895501.0,-0.7992537964663262,-0.9296041992956858,0.6397402713181463,0.46911515475602295,1.287992187094715,0.30994829171895727,23,19,3
650034947.0,-0.40618791797117626,-0.9173991555076292,2.5493790723982164,1.687065768337754,1.8042246143525293,1.2355618545081184,8,19,3
650917633.0,1.5861684847680524,0.3807423519608889,0.6798587335257107,0.6282710272546103,0.6093258317873952,0.8994327891994539,23,19,3
651195724.0,1.4769059417841315,0.4681561048481258,0.45519534516334953,1.4524935486360266,0.5310441752005203,1.4356409169117166,23,19,3
651515518.0,0.6765753549651548,0.2201951554932576,0.0700581079707303,0.25239493182954714,0.7657890096873619,-0.07291440405724486,23,19,3
651594010.0,-0.22255692376908595,0.41460079041065545,-0.9409271396598952,-0.657911554266038,-0.4766643940587982,-0.612520719366268,23,19,3
652147065.0,-0.598816479220676,-0.8783593964325553,1.1291855102504331,0.6676135973421274,0.6303407736927207,1.9030488166583557,16,19,3
652256250.0,-0.6422724121939803,0.4066124147139107,-1.3019932995279757,-1.1954233813789428,-1.3899110508993688,-1.0424306223911082,17,19,3
652856294.0,-0.5712491002975355,0.027808331800342038,-1.0532588338410758,-1.4466907872809258,-1.8804723360684528,-0.9915160520846874,23,19,3
653253791.0,-1.138524688299948,-1.1453685706126284,2.164241835205597,0.8607069274258804,1.610145335540421,0.3730193647785065,5,19,3
653261942.0,1.9005738409768493,2.0672637908604408,-0.49160036293517273,-0.7728025842407767,-1.1608932675037689,-0.865573405026251,23,19,3
654686503.0,1.0906624320492389,-0.5597891103213768,3.3597720089910195,2.9106627165689796,2.1528757985478006,2.544122230012354,8,19,3
655590815.0,-0.2717150326938849,-0.31975454828744543,-0.2589132821312986,-0.15252620843758924,0.02324936343876891,-0.193166901629595,23,19,3
655875079.0,-0.46721012102369397,0.0703315105614182,-0.9649982169844339,-0.8266500713362418,-0.45498239689976167,-0.9666983812209515,23,19,3
657115027.0,-0.2938152531460827,0.7113780581914344,-1.1334957582562049,-0.5542629044949576,-0.9109945202578706,-0.32416881891561433,0,19,3
658145110.0,-1.0753461569769645,-1.0311322370892364,-0.20274743504070833,0.5592494941173826,1.5989231937856325,0.1860406554480923,23,19,3
659715918.0,-1.145870271159244,-1.1286299289629482,0.8483562747974817,-0.03499716304896129,0.5886459737174479,-0.23149768890098463,10,19,3
662631596.0,-0.017976780132683716,-0.08571282653361038,-0.2749606670143244,0.010065568226371684,0.10789669643602193,-0.033126497105148964,9,19,3
663173760.0,1.320641618145879,0.16140809273048712,0.81626150503143,-0.4489978999459475,-0.2108665507186312,-0.6153846639460041,23,19,3
663242837.0,-0.6091709720134625,-0.7085008327900841,0.04598703064619159,-0.6686450528893264,-0.9273540887189865,-0.8043070593039643,9,19,3
663636368.0,-0.795291092962129,-0.8621409887263682,0.1422713399443464,-0.15572833351070844,0.2927508990360015,-0.24366247759585696,23,19,3
664800121.0,-0.6081537065684455,-0.8284050402122523,0.6798587335257107,0.7099056656591658,0.5780005453722448,0.6034238076249526,9,19,3
666095424.0,0.013127869191173659,0.5464957807306577,-0.8205717530372016,-0.8398214706327083,-0.5723915416297786,-0.835908396585689,23,19,3
666322536.0,0.46581442313584165,0.6554020735288072,-0.5397425175842502,-0.7173355187352126,-1.8476696069426106,-0.933918944425549,23,19,3
668013613.0,1.7353839994458082,0.7177871923036546,0.3428636509821689,-0.3865500141986556,-0.9552371726093624,0.027939586140356448,23,19,3
668509682.0,1.799271014122573,0.2239979091178854,1.1693039724579977,0.3840603401634745,0.5383288296781458,0.8391028043015307,8,19,3
669171163.0,1.8528258369353623,0.46963396061849866,0.7681193503823527,0.9524333796650675,1.2089544822152885,1.0243681596328589,9,19,3
670993859.0,0.2615962407286108,1.0243247838608476,-0.8847612925693049,-0.6374633071367202,-1.7726263672085822,-0.7340792559728475,23,19,3
672090909.0,-1.2471542279968342,-1.1792297350164547,0.2786741114500657,0.46255444308043925,0.9780574783452965,0.04197926299128734,23,19,3
672503491.0,-0.04256612733145758,-0.7966665105372637,2.4851895328661135,1.361342168171341,0.07001824217031948,1.0731516975307045,16,19,3
672527288.0,-0.2758767291013235,-0.24181917205503015,-0.39531605363701794,-0.372750708909378,0.15122110772512634,-0.4540467943202369,17,19,3
672714995.0,-0.11991775664218159,-0.6004852685880502,0.8563799672389946,3.128529662255346,1.4360789984857998,3.128831119773147,23,19,3
673238810.0,-0.7839656520380109,-1.0654192161245186,3.5764117049118678,2.382927743720588,3.2112771834945804,1.982526095723189,8,19,3
674608984.0,-0.257662016630514,-0.7137036460636592,1.0970907404843815,0.2691228286428308,0.3808807791376141,0.1754500963186881,13,19,3
674666794.0,-0.6752211767849426,-0.10030092974852875,-1.0933772960486403,-0.8649748667130819,-1.275421030714886,-0.8085449972066321,23,19,3
674816020.0,-1.1641947728180484,-1.0287786901161964,-1.0051166791919983,-0.9054508248048182,-1.0075165779350896,-0.4581891102855742,23,19,3
675080807.0,-1.0218410823899848,-1.0963410999924517,1.787128290454491,0.4391678493061648,0.6965163104337072,0.16262997834213752,13,19,3
675469409.0,0.0673277034834343,0.3431650001207729,-0.636026826882405,-0.4177244391153743,0.16117745058890218,-0.18388686275973237,23,19,3
675923296.0,0.6939649330699388,0.537154597487465,-0.2669369745728115,0.9610901700931608,0.5644231688043772,1.0854143606582003,23,19,3
676056571.0,-0.7992452191860142,-1.0055004986416802,1.6747965962733105,0.09828546543421954,0.23010709191423262,0.1008730956364951,13,19,3
676253980.0,2.0330928217990407,0.9624917480331051,0.2866978038915786,-0.7434936034928439,-1.0772476817079342,-0.8473673570652779,9,19,3
677667959.0,-0.8971874676140039,-0.3732040275620352,-1.2217563751128466,-0.7779050012365403,-0.34197061474972834,-0.9269181910084161,23,19,3
678177539.0,-0.8263734413571746,-0.9107833425950518,0.334839958540656,0.05718874003243594,0.25030808695963824,0.01985523657731858,23,19,3
679881833.0,0.14134963257699493,-0.16891137196929917,0.0700581079707303,-0.5256876834384165,-0.7216665493001148,-0.05723686912251072,23,19,3
680269090.0,-0.2489028979757813,0.1787485803464531,-0.8125480605956887,-0.7113705724641071,-0.1935832120427524,-0.9189627893980379,23,19,3
680904354.0,0.06993348124225521,-0.18284665846521364,-0.0021551240028858097,0.3808624961745426,0.5920096972627301,0.3128911733950728,23,19,3
681051581.0,-0.6173399737827215,-0.7319546192633342,0.1182002626198077,0.08754702517831489,-0.2818269822501934,0.15529560373527013,16,19,3
682415574.0,1.2491791494974536,0.6364753617363405,0.0700581079707303,0.9438151840491896,0.015278418682660059,1.2488123946953007,23,19,3
685080944.0,3.1342320600760494,1.92835362204256,0.1182002626198077,1.4072013803605805,-0.07787147771195879,2.154080228065953,12,19,3
685847244.0,0.5246202569557088,0.4459927710039231,-0.3231028216634018,-0.19744167785239652,0.1235338231287378,-0.42742141629822283,17,19,3
687517818.0,-1.2016105849955607,-1.1562125915361032,0.744048273057814,-0.05254329726674606,0.45334881503048174,-0.25218362544329587,23,19,3
687942160.0,-0.08755224711244326,-0.29403616751465994,-0.01820250888591161,-0.13568255417564107,0.2658285973549717,-0.25448952952750115,16,19,3
688602452.0,0.667061435642956,2.4757680161759548,-1.1094246809316661,-0.8780320412969086,-1.631611013323264,-0.6619295867206957,23,19,3
689352974.0,0.6287913263463569,-0.2746888031515681,1.0329012009522784,3.26514606848977,2.2327080970392226,3.0321298540868673,23,19,3
689472634.0,2.0721743418131657,0.8496494894738562,0.4311242678388108,0.7963816183227419,0.680012858352593,0.9386080651305445,23,19,3
690218272.0,-0.5052006109821179,-0.6755076128327254,0.20646087947644962,1.3523551856738774,0.7933864997711259,1.1372614358134494,23,19,3
690660436.0,2.446653253871961,2.223613969822396,-0.3311265141049147,-0.7350942347136209,-0.3311661823986865,-0.5276555180393648,23,19,3
690984847.0,0.17969007557215336,-0.03447330721769773,-0.10646312574255351,-0.18292545777792188,-0.0934116133550085,-0.5052699272073865,23,19,3
691412221.0,2.0805766456069144,3.258177389257207,-0.7965006757126629,-0.7155372711691282,-0.6165300962823097,-0.6997151031766577,23,19,3
691709877.0,0.17241311095535417,0.4111005608672416,-0.5959083646748404,-0.40107769320503167,0.38932011011528217,-0.7700408534124014,23,19,3
691894546.0,0.38561342130543264,0.06662207757525777,-0.01820250888591161,2.3011887711946923,2.187445561787714,2.5339869190004793,18,19,3
692098867.0,0.07880238908498291,-0.8197598406667814,3.215345545043787,2.4720458184499945,2.5668311784916855,2.124524996623848,17,19,3
692540609.0,0.9025798293651605,0.3779227135022984,0.07808180041224319,-0.47300112136214767,0.03071338087442955,-0.6262040101361186,23,19,3
692647797.0,1.6608354253410837,1.1094522091661367,-0.07436835597650192,-0.07298329754487508,0.08393859418936317,-0.29717178169151853,23,19,3
692919245.0,-0.03682621134658943,-0.6349601123180747,1.233493511990101,1.8896926368320126,1.7650761228849385,1.6612958674827891,17,19,3
693667128.0,-0.0841710832134073,0.15057285550516838,-0.6199794419993792,-0.23962167294560274,0.4359411418601345,-0.09828674143206247,9,19,3
694285822.0,0.8817147372779071,1.0717171197526891,-0.5236951327012244,-0.17252240375772396,0.28020790629507075,0.03122719678489535,17,19,3
697667777.0,0.7404795242025431,0.44496943250362975,-0.13855789550860512,-0.09168161335079474,0.32162524527899145,0.13620721175266767,17,19,3
699722934.0,0.18147071896494849,0.22128223567149857,-0.41938713096155666,0.4055210491518914,0.6143505853656314,0.18486042834858102,9,19,3
701627510.0,-0.7891514757147163,-0.5465299524401744,-0.8205717530372016,-0.9235938909336178,-0.8662963661421329,-0.25039402022249446,8,19,3
702062068.0,-0.5865629765667874,-0.9858707961617919,2.7981135380851163,0.578861563455847,0.25845734406880544,0.5375148322910648,8,19,3
702926299.0,-0.4420889824455687,-0.05587396650284893,-0.8366191379202275,-1.1444559739795652,-1.800501790716754,-0.7149862921079397,23,19,3
703250304.0,-0.5478691496227699,-0.7312844842924093,0.3268162660991431,0.7756898484999798,0.2859608918564719,0.9148567434279731,23,19,3
703535881.0,-0.057108048372619034,-0.12043427295286761,-0.2749606670143244,0.603626240855398,0.7632368808836686,0.3220380482301074,23,19,3
703723732.0,-0.2811586183175245,0.6935173478692309,-1.117448373373179,-0.80403976681051,-0.6056179584590112,-0.973377736413025,23,19,3
704770024.0,0.44069328455771667,0.503338121496789,-0.44345820828609533,-0.4997792487770271,-0.9900006931078111,-0.45373090322311815,23,19,3
705519819.0,1.2242278410695084,1.7764398640799057,-0.6761452890899694,-0.4679875534128129,-0.6418656905550567,-0.40631989178590805,9,19,3
706632676.0,1.6163622269227627,1.3776009292225708,-0.28298435945583733,-0.3066933021646196,0.04332042256457711,-0.5698797667346406,10,19,3
707196419.0,0.18085143932641362,0.30498746167089,-0.49962405537668564,-0.5819789499428848,0.054494442927926164,-0.6204761209766463,23,19,3
708408130.0,2.370217678098571,0.8385881862569994,0.6477639637596592,1.0997471050044405,0.6839325965761879,1.1839017714995357,9,19,3
708441243.0,0.08576027887417144,0.37484130091335965,-0.6440505193239179,-0.14172321477204414,0.1338439222591143,-0.394898587654833,10,19,3
709736026.0,0.8503544850007487,0.8987148184828975,-0.4354345158445824,-0.4762942472024046,-0.4939690363016536,-0.694727682145507,10,19,3
709868628.0,-0.894962521101041,-0.736801973940477,-0.716263751297534,-0.3597671789808955,-0.11063325636878207,-0.09605922898115656,0,19,3
710042126.0,-0.09153725154545257,-0.8309015064011445,2.7098529212284745,2.090811400032676,2.533621994239288,1.7885709807150652,23,19,3
710730502.0,-1.2359076980515875,-1.178667849266332,1.9476021392847491,0.07091553489743967,-0.45482986019922,0.08060571279681664,12,19,3
711486603.0,-0.5666207998411177,-0.034594549585667496,-1.0051166791919983,-0.7185125963661763,-1.2292822861900883,-0.7013030013380891,23,19,3
711925432.0,-1.1960284909684356,-1.1652190818510249,2.1481944503225714,2.666660122220098,1.5785578071369977,2.9457522945437735,8,19,3
712088840.0,0.2573384787816765,0.4737522539586915,-0.5718372873503017,-0.8344677300854834,-0.724978440876,-0.9075070110790932,23,19,3
714074171.0,0.8734307999524656,-0.3065293529532491,1.5223464398845652,2.558838817234272,2.3250155033553312,3.2160493291726775,8,19,3
714095860.0,-0.7056362127717056,-0.890624985335938,0.7520719654993269,0.6573161556913216,0.006634986694471153,0.589030436206862,17,19,3
715705403.0,-0.952625861183334,-0.9935365801028152,0.35891103586519474,0.45869062034382674,1.5829282773291433,0.004945183722235298,17,19,3
717503234.0,-1.1627211960604271,-1.1154550354986814,0.029939645763165792,-0.17785652090933976,0.11809985843182601,-0.43831957193706833,17,19,3
717959588.0,-1.2058357532773092,-1.1029251737493413,-0.956974524542921,-1.0345278217030514,-0.9690646628449874,-0.7487188496594785,23,19,3
718514414.0,-0.7748222712252955,-0.8227084231214096,0.0058685684386270915,0.5270466923439773,0.845902022046661,0.36294910711695993,9,19,3
719185799.0,-0.9294672043406211,-1.0286963045001583,1.0489485858353043,0.7622551648871043,1.6008768977497798,0.20600069304835253,23,19,3
720803476.0,1.632216471851678,1.0071456788869195,-0.01017881644439871,0.22220574188881695,1.0173575127124486,0.32930974817395653,17,19,3
721583573.0,-0.5891241524679852,-0.132866665433123,-0.956974524542921,-1.2431920668509637,-1.636165246015991,-0.9164170608827168,23,19,3
722099553.0,0.7646863246993972,0.608749588845583,-0.2749606670143244,1.9024771561885339,1.0700374276165638,3.089825711791255,9,19,3
722223895.0,-0.8126909638032872,-1.0112140695822927,1.6828202887148234,1.1725800698465247,1.5310889751093983,0.8158602939197812,16,19,3
723201955.0,-0.7745855382886809,-0.8042080610258358,-0.08239204841801481,-1.2695554900234858,-1.042827583468257,-1.0886951649914436,23,19,3
724400109.0,-0.5600008548962266,-0.47116908666655977,-0.4835766704936598,-0.508015004725767,-0.023912717910231866,-0.5056033038834286,23,19,3
724795086.0,-1.242347520109924,-1.1740739530474225,-0.04227358621045031,-0.3965187948692991,0.2536059631627713,-0.5814630224089905,23,19,3
725517709.0,-0.8125245645652321,-0.5534170386432562,-0.8606902152447662,-0.6323823628921561,-0.422325487991605,-0.5866792042260796,23,19,3
725614425.0,1.2563085848928846,1.011147021452659,-0.25088958968978575,1.4690704420353329,1.889841564816558,1.4488440372080043,23,19,3
726302171.0,-0.5420228753620316,-0.3192089183401708,-0.6921926739729952,-0.7894661686833737,-0.8994790140215443,-0.20663931136541414,23,19,3
726347095.0,-0.6149434816635168,-0.8252276681538122,0.6317165788766334,1.1879867229156178,0.6284829034158531,1.272429352993898,23,19,3
728769448.0,-0.19460356723189998,0.0014037357851538887,-0.5959083646748404,-0.4160903718170282,-0.04685886189335722,-0.6484791346451777,23,19,3
728856745.0,1.194159327207355,2.472527356566405,-0.9088323698938435,-0.5581095574005994,0.1435793420932665,-0.6582717628002724,23,19,3
729165779.0,0.2033616537775309,-0.6821034847895641,2.180289220088623,2.4449042992440955,0.4120274476837938,2.354058434378242,11,19,3
732968226.0,-1.1416862738229938,-1.1044572779775677,0.1342476475028335,-0.16256635078925374,0.26414872456924854,-0.45020656484490174,23,19,3
733071806.0,0.036765138275302936,-0.21638724149250413,0.013892260880139992,-0.3993727475509353,-0.17759479282121504,0.11046299682426265,23,19,3
733319117.0,-0.4627876752947669,-0.8264511357523459,1.225469819548588,1.5918590989308163,1.5935949717563254,1.427819041383519,23,19,3
734605178.0,1.48416060547212,2.9768879210547627,-0.9248797547768693,-0.27610983929756644,-0.04699261077367245,-0.3611087412527348,23,19,3
734680231.0,0.6058573942478216,0.3208688075316152,-0.12251051062557931,0.21892301496639505,1.0696543989482734,0.079639780970831,23,19,3
735559105.0,1.233249424501792,0.6248945282352177,0.0700581079707303,-0.3641547664176072,-0.15306032536208058,-0.6952568961142016,23,19,3
736069429.0,0.40475104913782595,0.8695034068689853,-0.716263751297534,-0.6795696758806296,-0.820644137381237,-0.9125984681097353,23,19,3
736619550.0,-0.5431224826980449,-0.7727676011662521,0.5595033469030173,1.4557467033308111,0.9827004885684699,1.5171408385761418,17,19,3
737232390.0,-0.10589904970005924,-0.506085769717944,0.5113611922539398,-0.10186907659245716,-0.19964852897833085,-0.14158231540174582,23,19,3
740348731.0,0.6450401261696292,-0.48915359841333517,1.9476021392847491,2.6059131684520764,0.5106230983147966,2.8784595850902686,17,19,3
740666748.0,0.46970336202935536,-0.452194003206419,1.4260621305864105,2.660521848971111,1.9192698973565123,2.509282634854006,23,19,3
740923060.0,-0.5354972805005738,-0.02742528858725877,-0.9730219094259468,-1.0989298654881734,-1.4737979439412507,-0.7448986021629619,23,19,3
744100127.0,-0.9414805431457707,-1.0045115582044422,0.575550731786043,-0.17193531604024567,-0.5470781498379358,-0.04896325144771735,9,19,3
745642091.0,-0.4140549994734489,-0.7887267517940815,1.1051144329258944,-0.16412071134341216,-0.14442185749331063,-0.23238148164273123,13,19,3
746282817.0,1.3559336957181112,1.8498182977346351,-0.6440505193239179,-0.6286477277349524,-0.020260396066517115,-0.47600920989282147,23,19,3
747064579.0,0.1800280204164506,-0.2544590913626652,0.30274518877460443,0.9378571552007626,1.1248996741304675,1.8970745524263084,23,19,3
747678205.0,-0.46345841861517445,-0.6061621197033925,0.062034415529217395,-0.35525616351093203,0.06976556646888177,-0.05405470847835942,10,19,3
747719815.0,1.913259638558469,1.3660079057373775,-0.11448681818406642,-0.25976481094679343,-0.02945912877317221,-0.07168359717324832,23,19,3
749078858.0,-0.34690347190989324,-0.04311462364189754,-0.7323111361805598,-0.3866369657213447,0.43002620704177746,-0.8658207066407112,23,19,3
751045501.0,-0.47741193822692457,-0.9353217183513882,2.4691421479830877,0.496787486206007,0.20246571187702267,0.3422731023487957,9,19,3
751305027.0,-0.3583249783735068,-0.04081913487130827,-0.7483585210635856,-0.4096266506599756,0.5092101758287759,-0.9301003516525674,23,19,3
751596966.0,-0.361646101310358,-0.17855598207907833,-0.6039320571163533,-0.3536773795982012,0.2178726895457456,-0.18579615914622313,23,19,3
752255048.0,-1.1338260541449707,-0.5661155035587987,-1.5587514576563886,-0.4838149484935751,0.4672052293289363,-1.0169733372378977,23,19,3
752656158.0,3.1227745290351243,1.673971070541959,0.2866978038915786,-0.4512484041264046,-0.7451904537401444,-0.5761761217826711,9,19,3
753100921.0,-0.33813749143091065,-0.13157693413724766,-0.6280031344408921,-0.06607894811911132,-0.34828544662272337,0.3019866653115878,0,19,3
753308274.0,-0.9621775205389065,-0.9606965726958245,-0.01820250888591161,-0.1332675446268637,0.11997152723241383,-0.32745808148648703,9,19,3
754693414.0,1.873579424378558,0.5501825486591394,0.663811348642685,-0.24233507784026223,0.19695873167797057,-0.20293529066308097,23,19,3
758150141.0,1.02865555721689,0.9761045336199331,-0.3712449763124792,-0.47515944072027827,-0.9424677724487778,-0.5467532793167986,9,19,3
759252842.0,0.9608710263663003,1.2137928351344383,-0.555789902467276,-0.7327137673893284,-0.9612542431560661,-0.8467309249364476,23,19,3
759616295.0,-0.38814132019448433,-0.9081178838379795,2.4932132253076262,1.6559369300215012,2.266524050205537,1.0498534782891058,9,19,3
759924996.0,1.3729870444346601,0.49966316884148676,0.3268162660991431,-0.1659904825830572,-0.424388497133453,-0.3435270205540062,23,19,3
760187031.0,0.9368134705468775,-0.41177150946848196,2.0920286032319813,2.8214648846108017,-0.10191884337606787,2.9608682175916656,17,19,3
760833079.0,-1.174286800833284,-1.1457858999097614,1.0088301236277397,0.652988710182372,1.559642342037482,0.3634113940287051,23,19,3
760855460.0,-1.051468724044096,-1.021449854717868,-0.09843943330104062,0.07001063080964044,0.6439272228566236,-0.06374563913385123,16,19,3
761114593.0,0.09011239090453921,-0.7276377048966223,2.2364550671792136,2.304884786408283,1.5180778817927074,1.7678742219201917,9,19,3
761247453.0,-0.5902134670676239,-0.5330711267848759,-0.41938713096155666,-0.6094503291265481,-0.338095378501229,-0.3318573327127677,23,19,3
761253377.0,-0.5085491812159679,-0.17223001937911328,-0.8125480605956887,-0.9975004773913272,-1.36459391850041,-0.6522977274181592,23,19,3
762666047.0,-0.894736080900801,-0.6288117119371702,-0.9329034472183823,-1.1895221087971535,-1.2278427870377913,-0.8369710314003938,23,19,3
763247953.0,0.386683865888385,-0.6310057769552745,2.2685498369452652,2.6879091012129717,0.7719195087010529,2.811968345770142,6,19,3
763880837.0,-1.118443559633222,-0.12629423219190652,-1.6550357669545432,-0.23716593462196636,0.9389761265053814,-0.7849938262792683,23,19,3
764439033.0,-0.2835362404200431,-0.7991191178778644,1.6507255189487717,1.9653580447568277,2.3480060456449534,1.6765778947389458,17,19,3
764682239.0,2.884547430190354,1.8002744879697312,0.0861054928537561,0.14619410612886086,-1.1664651954846128,0.9574419028686514,17,19,3
765617753.0,-0.8894559071406627,-0.49139793171755747,-1.1014009884901532,-0.7801466889995398,-0.5077374728506575,-0.8880958311497703,23,19,3
766006732.0,0.37517144025346283,0.34984143646913185,-0.36322128387096636,-0.7207886627403391,-0.41213347840580294,-0.6908018712123898,23,19,3
766813982.0,0.8673203454581141,1.8290003682027294,-0.8606902152447662,-0.4072160375015827,0.17103501646266733,-0.2710780644094779,23,19,3
767598029.0,0.21560143278292043,-0.5048868321004758,1.1612802800164848,-0.1709581812887919,0.30569535355066046,-0.16101952679411155,9,19,3
767627249.0,-0.3654732837856242,0.0025817218177051375,-0.7965006757126629,-1.1149928108188714,-2.083265789315935,-0.7254906043942833,23,19,3
768500196.0,0.8141549311714945,1.0138613008159405,-0.5317188251427373,-0.4229233254761372,-1.0601653164159128,-0.3783136959567324,23,19,3
769233997.0,-0.9332171912930782,-1.0003825293735458,0.5835744242275559,0.8299342638508924,1.9513582244615832,0.38714180824445443,23,19,3
769895195.0,-0.007967094008444345,1.1664224481222816,-1.1014009884901532,-0.6392954639822925,-0.5326954431233184,-0.8343173162636134,23,19,3
770212067.0,1.5282992899582684,1.6334832511155664,-0.46752928561063406,-0.5323946714134367,-0.6417045882396792,-0.609974990850947,23,19,3
771135426.0,-1.037151527747112,-1.0092133219019732,-0.10646312574255351,-0.1980891584502251,0.2530480917491068,-0.4470997418540006,23,19,3
771779383.0,0.510364817076972,1.0979712286769867,-0.7644059059466114,-0.9920326329632537,-1.2338794267332633,-0.8785525313779606,23,19,3
772772049.0,-1.1618480289246536,-1.1313719921388046,0.5835744242275559,0.16590394934200708,0.627344611070324,0.031805074171799924,23,19,3
773316603.0,-1.0692185479219887,-0.7300807283321316,-1.2618748373204112,-0.5783782170298469,0.22476243116452155,-1.0001078858238959,23,19,3
773503958.0,1.5480356119564471,0.7714420617547416,0.1502950323858593,-0.025377096881448805,-1.0926441227992212,0.44658901260272366,9,19,3
774729247.0,-0.17138143851487728,0.17695548179651777,-0.7323111361805598,-0.6032176885227296,-0.37138260101010884,-0.8556377925794271,23,19,3
775012325.0,-1.0882498174785113,-1.0590519631424427,0.013892260880139992,-0.08398720249728443,0.21366813828348571,-0.1496662680224827,9,19,3
775182841.0,-0.17592396616817396,1.1858883938238687,-1.2057089902298208,-1.0961582857643257,-0.8916188009126805,-0.8365448287145193,23,19,3
775394167.0,-1.127470289433693,-1.1327957558954944,1.5223464398845652,2.8142853934942367,1.291868539284917,2.914871991752807,23,19,3
775766893.0,0.37677710712789103,-0.24044153410606126,0.5595033469030173,-0.38464290620090535,0.06003281235171181,-0.13933661374161418,11,19,3
776899595.0,-1.0440082056286175,-1.0072012666372188,-0.17867635771616963,-0.18148356401858456,0.24388382939759648,-0.0826941542757211,23,19,3
776957785.0,-1.026795319498263,-1.090992438828272,1.5143227474430525,0.177097507167596,0.74130229787863,-0.005493017501011655,16,19,3
777408491.0,-0.1868531367418721,-0.8310881115616477,2.340763068918881,1.379620741659762,0.40773265337335074,1.015765452250204,8,19,3
778371663.0,-1.0563509119977523,-0.6294222309100795,-1.3340880692940273,-0.6277230916204783,0.07662575791475544,-1.0405213260046173,23,19,3
778735129.0,0.1368362676767596,0.6569492482657205,-0.78847698327115,-0.519792977844705,-0.1564786948303593,-0.8234979700734989,23,19,3
779378159.0,-0.04809161130852268,0.299220785377107,-0.708240058856021,-0.3925124402698702,0.17798820139682153,-0.637023356326233,23,19,3
779575942.0,-0.8450427496845262,-0.7975900009537362,-0.36322128387096636,-0.22617059925248223,-0.1777280363034916,-0.2720327126027233,9,19,3
780978664.0,-0.7875320851917887,-0.7889721861485028,-0.19472374259919542,-0.3718633251807101,-0.11476076568429155,-0.19804747762620564,9,19,3
781040322.0,-1.2481217452160407,-1.1821232661203236,1.2013987422240493,-0.24481530585521533,-0.08804499622800467,-0.04323536228824501,10,19,3
781197920.0,0.16173954333495688,-0.18360863659205426,0.1262239550613206,-0.6119982042722262,-0.6911998255862776,-0.9262817588795859,9,19,3
781854387.0,-0.2871215435905077,-0.5821204125933451,0.3910058056312463,1.8332724772020386,0.9452025606065577,1.5717174204990167,23,19,3
781863501.0,-0.4404026891362067,-0.5711305969049558,0.0058685684386270915,1.0973379303307826,0.33518124686446205,1.3003382550736733,23,19,3
783081602.0,0.5329007633690256,0.5950288441527501,-0.44345820828609533,-0.60661528391615,-0.7833815902120319,-0.8694165004361926,23,19,3
783287058.0,-0.23352554983221976,1.5863801426132154,-1.3260643768525144,-0.9160472690822784,-0.7822285215155529,-0.7445581268848409,23,19,3
783731247.0,-0.9174092636778485,-0.522284324275774,-1.125472065814692,-0.4501348383740019,0.23726160340650942,-0.71562272423677,23,19,3
785082286.0,-0.35594049444673875,0.13756571801145687,-0.8927849850108178,-0.5681784859115346,-0.31537715364622254,-0.22967815442906955,23,19,3
785934074.0,-0.7342328653323003,-0.5894063960275377,-0.6199794419993792,-0.9061635371438079,-0.6362140846425044,-0.8514221298012683,23,19,3
786158466.0,-0.5213773616507685,0.01750741499231567,-0.9890692943089726,-1.389818864795508,-2.039396427109483,-0.9689227115112132,23,19,3
786514302.0,-1.1065245709115057,-0.9805472512939748,-0.8125480605956887,-1.0118842172839315,-1.161450955588017,-0.33917630219431566,23,19,3
789732435.0,2.4249647428747445,2.8992352470014735,-0.5878846722333275,-0.7216549363465073,-0.9287661856828919,-0.5234234034906758,23,19,3
790253866.0,-0.40821558703696037,-0.008986451604262183,-0.8366191379202275,-1.153558586634221,-2.0178812911887967,-0.7146680760435246,23,19,3
791021644.0,-0.6169728661853631,-0.8759088275006717,1.0248775085107655,0.8060910543075814,-0.01662274723232515,0.7490009307642032,23,19,3
791770627.0,-1.1460383858533616,-1.1030664482303751,0.029939645763165792,-0.2762471437402938,-0.4362774452298994,-0.20509499310464036,23,19,3
792878998.0,-1.0430406884094108,-1.0761827082709572,0.8644036596805075,0.3625843656737587,0.5078628350597363,0.23787150678297855,9,19,3
793069740.0,1.5055077407129138,1.017354221658043,-0.09843943330104062,0.6247776698922377,1.2715523360209926,0.7300321722826616,17,19,3
796830369.0,0.3590495841788098,0.3514063885487437,-0.3792686687539921,-0.37480272030921624,0.21580474187163062,-0.5476046422255815,23,19,3
798860594.0,-1.0994637537585719,-1.0039502248486682,-0.6280031344408921,-0.4588698519928983,-0.17958318783865018,-0.56536428078059,23,19,3
799681463.0,-0.9146731112582835,-0.38108419931094395,-1.2458274524373854,-0.5618617918672656,0.0814821541513582,-0.7553997322886612,23,19,3
799775539.0,-0.11443001269848985,0.6643035730831481,-0.9810456018674597,-0.9562572271486336,-0.7554644765561527,-1.0010625340171413,23,19,3
800434780.0,0.21477286750477004,0.004666265858822559,-0.12251051062557931,2.0189451711124304,1.9159003668348722,2.337076329522388,23,19,3
800671305.0,-1.1099125966347914,-1.087002231974425,0.2305319568009883,-0.2868489718192994,0.29504127117536333,-0.3845140696352374,10,19,3
801576534.0,0.8447432282205627,0.251755009192336,0.1904134945934238,0.2704706210478624,0.6897792330604898,0.03731487375080485,9,19,3
801635676.0,-0.255702965807227,-0.029450566765907286,-0.636026826882405,-0.09018898001007841,-0.16758448472339305,-0.2740373409604539,23,19,3
802155673.0,0.3065772141414094,-0.4816658981596059,1.2415172044316138,2.619425750682867,1.9537483235327735,2.2238790929084673,0,19,3
802375673.0,-0.9600555013896889,-0.8994854695200972,-0.39531605363701794,-0.41306182404621233,-0.2497979620458122,-0.22461851900486898,15,19,3
802601601.0,2.2833881540429584,2.376671324360028,-0.45950559316912115,-0.580245034602387,-0.09881767016855877,-0.46727417892462625,23,19,3
804017769.0,-0.3418686083666811,-0.8391299961986927,1.8192230602205426,1.3398553054092117,0.1066744758837307,1.1733507971588666,9,19,3
804895305.0,-1.0785008806757603,-1.032288127469169,-0.21879481992373412,-1.0035155572246042,-1.4642703054478357,-0.7464483621290734,23,19,3
805450086.0,0.8509892037438455,0.7759381939925882,-0.34717389898794054,-0.37620880655021494,-0.17425256540335748,-0.8097217487869304,23,19,3
805651493.0,-0.7680547970590359,-0.797267315084279,-0.09041574085952772,0.3495133698539087,0.5834790883158518,0.3648606226804977,23,19,3
805819312.0,-0.9684011951333776,-0.8326310745140039,-0.7002163664145081,-1.233017494523287,-1.01118298293078,-0.9194643774695722,23,19,3
806158699.0,-1.2068101323207654,-1.1546443384706093,0.3990294980727592,-0.49505974348083714,-0.36718686544713347,-0.728112597444594,11,19,3
806265527.0,-0.8919964975691114,-1.0534483563473125,1.9716732166092876,-0.02436831723000307,-0.5927374122554201,0.20271326622373484,2,19,3
807503504.0,-1.144130798711947,-1.100532574350509,0.0058685684386270915,-0.20556945888577585,0.35404005058757904,-0.503548328182649,23,19,3
807663317.0,0.3061569274061156,0.5948915911936763,-0.6199794419993792,-0.5054298355403725,0.18519255895771666,-0.6580287987382757,23,19,3
807900888.0,-0.3896972388431019,-0.34655820201484605,-0.40333974607853085,1.1123091835924117,0.6961572707958686,0.9380886385546147,17,19,3
809234749.0,-1.1320985898901108,-1.0918958052708825,0.013892260880139992,0.4105245215667588,1.660793525582887,0.031182007123860177,23,19,3
810581829.0,-1.240530852139818,-1.1755143273675626,0.3910058056312463,-0.05619471634400641,0.3558339158296183,-0.2863416328778838,23,19,3
810645922.0,0.6885972710506164,0.9460211806987445,-0.5718372873503017,-0.5334363550423755,-0.2827878960654402,-0.8307582286911626,23,19,3
810766016.0,2.0673333248050074,1.648266002433923,-0.21077112748222124,0.9795704019151233,0.858890520805235,1.441818790817296,23,19,3
810938283.0,1.7291260157300885,0.5479371361450849,0.5514796544615044,-0.015994190512650996,-0.1836938954676037,0.1047903039574112,23,19,3
811639289.0,-1.1100361094712858,-1.0972123344633113,0.46321903760486244,-0.3669167806620679,-0.5588336996850278,-0.37099790863582865,23,19,3
812416264.0,-0.05568936620899498,0.009737336078727801,-0.44345820828609533,1.3673569774743188,1.1495813327847022,1.6287392500544153,23,19,3
812626271.0,1.2308512169265242,1.092529861700426,-0.3231028216634018,-0.3444817954186937,-0.3572754078735177,-0.497442302873832,23,19,3
813023859.0,-0.5951351105107162,-0.897766704052657,1.3458252061712814,1.1645146991558895,2.049527243395891,0.7151326259980351,23,19,3
813053727.0,-0.2789336718045616,0.2627705917818938,-0.9008086774523306,-0.550701419691203,0.28028441534255766,-0.8543649283217666,23,19,3
813152977.0,-0.20448802506358252,0.8409164407148587,-1.117448373373179,-1.6101404646628086,-2.7897818552298514,-0.7067126744331463,23,19,3
813633136.0,-0.7911122419940659,0.059456336935654525,-1.3180406844110015,-1.060341622955666,-1.1299671349485951,-0.742671089712056,23,19,3
814376547.0,-1.0642574489894607,-1.073576414172852,0.5434559620199915,-0.5054252460353548,-0.03289043489962149,-0.7512371507965282,15,19,3
814404385.0,0.7789726427872573,0.7941703928027096,-0.41136343852004376,0.201577227726605,0.6226864672644603,-0.26159888517464563,23,19,3
814947941.0,1.102171426772036,0.6785572522157733,-0.08239204841801481,-0.5799113436664123,-0.3081942157116335,-0.9596744685389034,23,19,3
815181491.0,1.1255376537983024,3.0235867375757137,-1.0532588338410758,-0.5971425072636475,-0.588106099200585,-0.4819115132771997,23,19,3
816185061.0,-0.10490751609597884,-0.669770495632242,1.2575645893146397,0.664028194622949,0.8504195913833543,0.7349093073372442,17,19,3
816651153.0,-0.9689604338097279,-0.8149570663970862,-0.7563822135050985,-0.9451875381689643,-0.7650050161854333,-0.8924395758938563,23,19,3
816734070.0,0.9948610727871535,1.0544002005217799,-0.44345820828609533,-0.4920331460518095,-0.7128164151999555,-0.13555479254252598,17,19,3
816923045.0,1.33234445940373,1.2632396623923547,-0.3712449763124792,-0.8585459593231942,-1.3593706263438827,-0.6376597884550632,23,19,3
817100146.0,-0.22289829952550813,-0.16824787136372518,-0.4274108234030695,-0.32950017271070053,-0.2722604106297301,-0.7903971350530373,9,19,3
817681772.0,0.1227249261072664,0.16385578172251533,-0.41938713096155666,-0.6065638617902057,-0.38193417383784145,-0.6430694615501205,23,19,3
819148176.0,-0.9478157223842993,-0.9163240739159719,-0.24286589724827282,-0.4472358301476545,-0.04132262044496965,-0.2077530675908671,23,19,3
819158508.0,2.6306890957047826,0.5839964715031636,1.2094224346655622,1.5631975411717203,0.16938197866533558,2.772457469019412,23,19,3
820604194.0,-0.4492990442759333,0.32002320402962514,-1.0933772960486403,-0.8846653706716623,-0.7825682848711069,-0.8142697042054602,23,19,3
820891109.0,0.4986413903463719,1.3267333216784047,-0.8687139076862791,-1.0769205820524286,-1.1806245725847273,-0.734442245037526,23,19,3
821085860.0,3.2837838041420406,1.9321268723549927,0.1823898021519109,-0.3054608878223542,-0.2969683128234414,-0.5116607524188562,10,19,3
821273718.0,-0.9106469358797763,-0.6884890724348135,-0.8687139076862791,-0.7731298020294577,-0.698355326554674,-0.6400929277499391,0,19,3
821937867.0,0.30653261228378637,0.8654145984409498,-0.7804532908296372,0.17165559455640514,0.2637995874728239,0.5597171553460506,17,19,3
822803172.0,-0.9534235482523609,-1.0008455767389692,0.4391479602803237,-0.47377234262731804,-0.32754955208674486,-0.2109352282350184,16,19,3
823289985.0,-0.06308984366228867,-0.8095623235071718,2.5574027648397295,0.44936289470656854,0.5092124035547805,0.2621412143502553,10,19,3
823403038.0,-0.8020791526011375,-0.5922554442457078,-0.7724295983881243,-0.5549215956179577,-0.18563756847871482,-0.21061701217060327,23,19,3
823564078.0,-0.43957412385805633,0.21729039609075926,-1.029187756516537,-0.6741970564321464,-0.7776141531882527,-0.6577074005132163,23,19,3
823877903.0,0.14845162067542703,0.394558205487528,-0.6039320571163533,-0.5032043995056602,0.06105133734973507,-0.8464095267113882,23,19,3
824793161.0,1.1324286408010562,1.0258460536503455,-0.33915020654642763,0.12300718127165597,0.6746572283953476,0.12414628759411324,23,19,3
827116807.0,0.5674466175541036,-0.0703338949350221,0.4311242678388108,-0.3485475175490647,0.2565235864790962,-0.24784829170717346,9,19,3
827600849.0,-1.241220465476912,-1.1776467856827288,0.7841667352653785,-0.22460277513191085,0.5149670688206288,-0.43273182513236386,7,19,3
827843527.0,-0.3518474162817971,-0.2179054697446054,-0.5397425175842502,-0.4997563740797763,-0.09982358453433764,-0.6662164344324641,23,19,3
829891994.0,-1.1703223818730242,-1.0954824990552128,-0.49160036293517273,-0.2472012316427707,0.2965728863150194,-0.3347212772925039,23,19,3
829906314.0,0.049219349288495196,0.32227703094264926,-0.636026826882405,-0.38039679991262254,0.2797170478207154,-0.8298622913618016,23,19,3
830098871.0,-0.13557300866785565,-0.38373821120439466,0.1021528777367819,-0.5311846411795959,-0.15801968857163506,-0.5200063675693797,23,19,3
831162916.0,-1.073148657761,-0.9430638337996322,-0.7804532908296372,-0.07451659195350716,0.8039183016707349,-0.07664804905183363,23,19,3
833173474.0,0.783027980918826,0.12646387992722244,0.3187925736576302,-0.011382388945831982,0.8381318076250012,0.040137246588518985,23,19,3
833266559.0,0.11534674958278422,0.03258606848450626,-0.2749606670143244,-0.11197542727249166,0.4316125931465188,-0.3708172255544538,23,19,3
834728968.0,0.19127798127382187,0.6316590606430457,-0.7323111361805598,-0.6332560338120317,-0.44225467755030534,-0.767173726672021,23,19,3
835778933.0,0.4106899580259349,0.6891929493447886,-0.6039320571163533,0.4955663416161137,0.48392600873380087,0.5984306889046972,17,19,3
835959029.0,-0.8214243506170836,-0.8923876595838763,0.2225082643594754,0.6404173990186713,1.0663680995297844,0.7752021290376127,23,19,3
836937885.0,-0.6746482144600933,-0.08740803942744833,-1.1014009884901532,-1.2052995755056828,-1.516212405635432,-1.0236558745906155,23,19,3
837307143.0,3.3971685880439635,0.4470032857861682,2.1160996805565198,2.300413636880051,1.0208056521525861,3.191790212362585,8,19,3
837669701.0,-1.0327891229803698,-0.8989004693431083,-0.7483585210635856,-0.8268066143826691,-0.505043830603648,-0.8597535514241628,23,19,3
837887043.0,0.11242189699635266,-0.7263903413935022,2.2926209142698037,2.3872566831959148,0.2705138675606287,2.2757699543333403,8,19,3
838207405.0,-0.9282252141514266,-0.9625420090750985,0.20646087947644962,-0.014350828071223906,0.25767832911878563,0.004420095245344573,23,19,3
838259778.0,-0.017834397279502603,-0.7034450093969298,1.722938750922388,3.380472171487739,3.052493081198285,3.31843360635831,17,19,3
839964633.0,-0.2742418994738342,-0.8436181075029253,2.1401707578810587,1.8239425599765382,1.4657402051397737,1.6882905429781323,17,19,3
840211125.0,-0.671291066945931,-0.7095079513764294,-0.1305342030670922,-1.08926627279916,-0.8156169514604513,-0.8568681749924881,23,19,3
840446641.0,-0.6448404499194279,-0.5427739023954323,-0.5156714402597115,-1.0014198317620804,-1.6201995582611999,-0.15142882418938913,23,19,3
841124932.0,1.3881465296582938,0.42007849684791304,0.4471716527218366,-0.3863504110303919,0.13861478676962727,-0.769322417003772,23,19,3
842433412.0,1.657030543794629,2.047493553396467,-0.5878846722333275,0.5663356980936048,0.3133345680082032,1.1295858876645264,23,19,3
842877794.0,-1.0031872131671953,-0.579836443410453,-1.2538511448788983,-0.7149323757669681,-0.13377932316611002,-1.032565924394239,23,19,3
843079604.0,0.9503295488627099,0.34824223177115543,0.1583187248273722,0.016203745900033394,0.8975081161915242,-0.49759049572230846,10,19,3
843604391.0,-0.8683317811879835,-0.14609596534611027,-1.3180406844110015,-0.6847065548391773,-0.4044380892277508,-0.6115660711730226,23,19,3
844488626.0,1.2806303209459202,4.595621173974835,-1.2297800675543595,-0.5101409433447094,-0.26927835138158684,-0.639651821018302,23,19,3
846060772.0,0.48960951417771387,-0.24451722822240568,0.736024580616301,2.698802597680751,1.253682382673672,2.878894610884747,9,19,3
846243641.0,-0.32079251518374985,-0.1528080619793398,-0.5798609797918146,-1.3107112841132196,-2.340391897073527,-0.8753671885731651,23,19,3
846514308.0,-0.3258857042330842,1.188213033103395,-1.2939696070864628,-1.4233011988072763,-2.5909510844915267,-0.8336808841347831,13,19,3
849210127.0,-0.2057523161815884,-0.7710506719957566,1.6747965962733105,2.3686092705115915,0.43736031736161685,1.8952353726026228,6,19,3
849821756.0,0.06098566242065572,-0.1196748977492721,-0.12251051062557931,-0.07029988468875346,0.3042369088999539,-0.35922391425246886,23,19,3
850988316.0,0.8456026717078364,0.5471288446654017,-0.15460528039163093,-0.33388034036645053,-0.7013446231943058,-0.48208994054551607,23,19,3
852404324.0,-0.5350426846440316,-0.13398055509088558,-0.8847612925693049,-1.1809471257654254,-1.799547667633014,-0.8826861580547131,23,19,3
852728869.0,0.0010544894238392335,0.6454995821987703,-0.8847612925693049,-0.27951154848235044,0.08102231177911103,-0.5068729859804448,23,19,3
853290175.0,-0.31069019443213963,-0.031220150735234424,-0.7002163664145081,-0.6169490308402488,-0.3353943087704671,-0.9705137918332889,23,19,3
854683795.0,-0.275036155630736,-0.10924802736841019,-0.5718372873503017,-0.5800607463973309,-0.28026330334007166,-0.7403905783756219,23,19,3
854800350.0,-1.2542870943043896,-1.1835795873544657,0.094129185295269,-0.4481850265644666,-0.7067126142771301,-0.33283083807074876,17,19,3
854825133.0,1.0225005008649157,1.7592563251887803,-0.7644059059466114,-0.7270907441406692,-0.5219615416040243,-0.7738671450544481,13,19,3
855774662.0,0.8683564809198178,0.4563021889469951,-0.04227358621045031,0.4893601686199127,0.9695369665766762,0.22184719211423987,23,19,3
855948313.0,-0.1322398775385675,-0.5797053947225468,0.736024580616301,1.0550866198637623,0.26198987402930934,1.4520174933713321,9,19,3
856246501.0,0.013309707533790585,1.0598818373128502,-1.0532588338410758,-0.6805202864151988,-0.4508191325201365,-0.9205538697201135,23,19,3
857587545.0,3.086103224788704,4.733118759865055,-0.8205717530372016,-0.34761364151656854,0.12766149856851947,-0.5345609657452054,23,19,3
859554263.0,-0.525039860344042,0.29032889524587613,-1.1495431431392307,-1.2318480722258827,-2.12128555256326,-0.8075871668527425,23,19,3
859887539.0,-0.6467669070775292,-0.48054244756270575,-0.636026826882405,-0.646434537360994,-0.07796954057417188,-0.8164554746456557,23,19,3
860843460.0,-0.7141105657200761,-0.8158021495642809,0.1984371870349367,0.24083096683895092,0.967697688971874,0.22278183007059738,10,19,3
860853383.0,-0.6838241889379948,-0.14977553908412028,-1.0693062187241016,-1.2026467779621937,-1.539317631961388,-1.0532499685812227,23,19,3
861049950.0,-0.5923251934804667,-0.7467188183998502,0.2626267265670399,-0.4390948576057465,0.17233935515337423,-0.4432329552580631,23,19,3
862172352.0,-0.6031394284979825,-0.9286226704529161,1.6828202887148234,0.9845612355333583,0.263941269001814,0.6158219655283695,10,19,3
862948916.0,-0.6120563691104584,0.11525890806339636,-1.1495431431392307,-0.9202718194036709,-1.1743580431441711,-0.7162591563656002,23,19,3
863074374.0,-0.3441758967706404,0.1108121482115327,-0.8606902152447662,-0.713889115926855,-0.6974360688867182,-0.7347156881016778,23,19,3
863367862.0,1.3404242574577432,0.6870591146933025,0.0861054928537561,1.566490584032938,1.5228775203394223,1.923586612606546,23,19,3
863592835.0,-1.1992055155960433,-1.1625955669258197,1.546417517209104,0.4229855452463027,0.6517538585242008,0.08780855461584618,23,19,3
863827085.0,-0.49525096582006345,0.08414348169530257,-1.0051166791919983,-0.7942537318723848,-0.6903134587370634,-1.042112406326693,23,19,3
867897303.0,-0.2254234508493951,0.05517628050892424,-0.6841689815314823,-0.7601732361377664,-0.5763853729629017,-0.6808240474046213,23,19,3
869211430.0,0.7260268068766281,0.7002865045231726,-0.3792686687539921,-0.6817955426902558,-0.9914548015043196,-0.7846756102148531,23,19,3
869241711.0,-0.9316183862428999,-0.9969451355539333,0.5514796544615044,1.7367412567114502,1.1522987060066714,1.476423529127904,10,19,3
869274152.0,-0.8563939224495805,-1.0070918570133933,1.2655882817561526,-0.11933082430857432,-0.20768161896081366,-0.034969713578239754,12,19,3
869979958.0,-0.4005509293500537,0.08291752791700059,-0.9008086774523306,-1.0326222707342765,-1.3762870380517258,-0.8126786238833845,23,19,3
870763317.0,-0.6424285186956612,-0.8302338639655993,0.5595033469030173,0.9377499148353917,0.3578451176180092,1.6100741327458767,17,19,3
871548824.0,0.9036159648268639,0.9392235397469533,-0.4274108234030695,-0.5220659083929946,-0.8986216501247672,-0.45023052651455175,23,19,3
871592713.0,0.21365095923994512,-0.488984560464507,1.0890670480428686,1.973177474895352,1.290738195496813,2.1912361333246206,23,19,3
871803650.0,-0.9957181174714048,-1.0646275422311378,1.145232895133459,0.7806007178360737,1.9227418178357332,0.42783127436143475,17,19,3
873371936.0,0.8432524969023169,0.2976921007280517,0.1262239550613206,0.0993591157741871,-0.6031917632452529,0.35498294917955353,23,19,3
873394619.0,-0.6626743311443795,0.17141054812757583,-1.2297800675543595,-1.0627176187495604,-1.4031295418019745,-0.8982787452110544,23,19,3
873944218.0,1.3115205382619746,1.5586624363434995,-0.5397425175842502,0.21574607316267652,0.5790601893982005,0.3811916779467233,23,19,3
874106363.0,0.9740388671014607,1.3890554568254037,-0.636026826882405,0.7129248982654465,0.4297088846029352,1.5795906268387365,23,19,3
875552922.0,0.25520616689608444,-0.618809223084075,1.8593415224281071,2.932995921663918,0.5859442292389029,2.7927678188540535,23,19,3
875678398.0,1.3074789237789057,1.6416596528757441,-0.5798609797918146,-0.4183992778771163,-0.4739672432623651,-0.4865071578578765,23,19,3
876739873.0,0.8198794080518008,1.1796728953408455,-0.6199794419993792,-0.21419393283627913,0.472337792998186,-0.21216277852510615,23,19,3
877919607.0,-0.8225016570242856,-0.4999585664892243,-0.956974524542921,-0.9989314417602845,-1.2584223169985944,-0.27044163228064766,0,19,3
878836763.0,-0.6123497120971327,-0.561778381454249,-0.40333974607853085,-0.6941335893055153,-0.19023477329402788,-0.4524612211261019,23,19,3
879238971.0,-0.7945139913658511,-0.853487575229698,0.094129185295269,0.5023085242251751,1.4525670077051684,0.21098929240531225,23,19,3
879618727.0,-0.9952669525269873,-1.0892071541238928,1.8994599846356717,0.1271046370063643,0.049720617112322625,0.011146658759710281,13,19,3
879727755.0,-0.7887414817157972,-0.35618746384145233,-1.0532588338410758,-0.7891259114174939,-0.3435690040624895,-0.7883938058195118,0,19,3
880468033.0,-1.062162877137242,-1.0321222869056612,-0.07436835597650192,-0.01401191633840435,-0.5200485478837223,0.11596382824039136,9,19,3
880485445.0,0.5570406610794446,-0.32383818886325616,1.0810433556013557,2.4421724071710265,0.5151373363934504,2.645912238303814,23,19,3
881622222.0,-0.43504875076538396,-0.5504902329432949,-0.04227358621045031,-0.33554227122887303,0.1883245213213696,-0.5180095935867816,23,19,3
882044657.0,0.4903694612133674,1.0226753337766068,-0.7403348286220727,-0.6522625548960729,-0.21901461728427957,-0.9176867429797333,23,19,3
882836472.0,1.1576955931444874,1.410404259796404,-0.5477662100257631,0.6216077789702078,0.1232353793426072,0.913400403948316,10,19,3
883508029.0,-0.5160337160163203,0.3440618100896139,-1.1655905280222565,-0.9728570584237809,-1.3699969663904035,-0.6685267467033308,23,19,3
884611991.0,-1.0581933118087947,-0.8424768900994144,-1.029187756516537,-1.270023474371553,-1.9614759619843765,-0.8111060319146515,23,19,3
887557579.0,-1.1735697401991914,-1.1506060023019686,1.4100147457033847,0.6729977655947682,1.2588571498536851,0.5803502580771831,0,19,3
887967131.0,-0.700160477020451,-0.5708977878545533,-0.5798609797918146,-0.7250378723764933,-0.5221249826692677,-0.5429742325398673,23,19,3
888317956.0,-1.0114625732123246,-0.8622060618650842,-0.7804532908296372,-0.6085818788052293,-0.11269156238798476,-0.44259652312923287,23,19,3
888452243.0,-0.4572278821964535,-0.817149815062482,1.1693039724579977,1.8751713350495163,2.493609803375652,1.2541242764410079,16,19,3
889049484.0,-0.8261847411903082,0.04172931541818386,-1.3501354541770532,-0.9055485083248239,-0.7796821327777876,-0.9851517307963849,23,19,3
890726241.0,-0.20595130908482945,0.1629654811684717,-0.7563822135050985,-0.5015395309236865,-0.20631734662761203,-0.6074823885075802,17,19,3
891173928.0,1.7721719547044736,0.31140902272765764,0.9687116614201752,1.717893903900274,1.9863397332732236,1.8339590618971704,17,19,3
891188218.0,1.6364176237485522,0.9912239054654672,0.0058685684386270915,-0.6189083681024,-0.7379331905285377,-0.6857104141817477,23,19,3
891229151.0,1.6727235358536763,1.3750366018582676,-0.25088958968978575,-0.49540519382649234,-1.5800732394429333,-0.5659169475696635,23,19,3
891467297.0,-0.785339732344012,-0.9796174394388522,1.3297778212882556,0.777199594870027,0.483690320436263,0.8321900667146567,17,19,3
891740453.0,0.9883183233650713,0.949643382911639,-0.3792686687539921,-0.3351539004429478,0.09928262134571893,-0.7789489834220654,23,19,3
891752640.0,-0.8071860652989714,-0.6361928729483376,-0.7002163664145081,-0.8389173065147164,-0.8533266757417854,-0.7018951059691464,23,19,3
893309067.0,0.2854342181720433,-0.4706636929088325,1.1532565875749718,1.903516644312443,0.4681613655664743,2.1033777225653023,8,19,3
893525586.0,-0.7570467155064663,-0.5027904129796232,-0.8205717530372016,-1.143600321203549,-1.5004793341914424,-0.848046828957347,23,19,3
893687167.0,0.07528741961307783,-0.3091789517167886,0.2706504190085528,-0.5040964841048339,-0.3361783004151918,-0.5372268534161447,23,19,3
893840914.0,-0.21712578987545417,0.1388203449462099,-0.7483585210635856,-1.7757586854439766,-2.651060101430817,-1.031932674426053,23,19,3
894408023.0,0.48339784777567935,-0.12172091361591479,0.4311242678388108,-0.10850827653252222,0.22069517234357375,0.03475910178893136,9,19,3
894948272.0,0.6743761402931283,-0.06069147680708098,0.5434559620199915,2.699769505029415,1.4996522823885508,3.3580467066690636,9,19,3
896356673.0,-0.3895016768519858,0.21949763779414427,-0.9810456018674597,-0.4402766415766987,0.26088139104686275,-0.7665372945431908,23,19,3
897349695.0,-0.3882391011900424,0.09020587241568602,-0.8927849850108178,-1.5362927834838078,-2.588641145165994,-0.9565122849990232,23,19,3
899766977.0,0.31704149612219085,0.9949135673258841,-0.8366191379202275,-0.7102825180685239,-0.9014115908355542,-0.6863468463105781,23,19,3
901157835.0,2.3644554611848916,1.8713799664405246,-0.19472374259919542,0.29249967155570883,0.3806471254251934,0.8622035964507289,23,19,3
902316336.0,-1.0748023574051762,-1.0832241935661404,0.6236928864351204,-0.13235914485820144,0.29410961384406603,-0.2831329040769607,23,19,3
902562472.0,-0.6987503721371391,-0.3362511800907461,-0.9248797547768693,-1.1755134456156016,-1.4652196177129202,-1.0497495918726563,8,19,3
904869298.0,-0.4507880601381167,-0.9548776205864776,2.990682156681426,1.5923456193229846,1.7721090772342825,1.367672575664322,16,19,3
904893437.0,3.769359081715486,3.516012659715705,-0.35519759142945345,1.6361363861955194,0.4393788672096913,2.4414297731580623,9,19,3
905298675.0,2.0507997592753724,1.4891442496653677,-0.12251051062557931,0.09138492846191862,0.04288177889997629,0.04135434348089125,23,19,3
905406126.0,-0.47690759414457223,0.021663396557071977,-0.9409271396598952,-1.13793309936861,-2.0908995456775297,-0.7480839449677574,23,19,3
905425866.0,1.6663489011257118,0.9669097984552452,0.04598703064619159,0.8926675411005889,0.2809770086576651,1.915827465803987,23,19,3
905973838.0,1.857361502764409,1.8768467462737142,-0.4274108234030695,-0.4558697615552343,-0.990285845099493,-0.30583372181339735,23,19,3
907706656.0,0.07548298160419428,-0.19596962982746266,0.029939645763165792,0.1702347290047948,0.5391531981796236,-0.008824896043794701,23,19,3
909583105.0,-0.8210315111787888,-0.8789237652634891,0.1342476475028335,0.5255551421129668,0.21422768453233057,0.5405582395587032,23,19,3
910128103.0,0.24180159322430972,0.7805655435123303,-0.7804532908296372,-0.5529640623221568,-0.23864165930879758,-0.7694012391229269,23,19,3
910433071.0,-0.7553449830925425,0.19726836432302236,-1.3340880692940273,-0.9711612325454828,-1.1653632714368105,-1.0246105227838609,8,19,3
910782420.0,-0.8662526484403266,-0.014229746455853304,-1.3742065315015919,-0.5733245614320905,-0.14788252516568118,-0.7878577708590044,23,19,3
911650311.0,-0.9721460357176476,-1.0472637118168449,1.0088301236277397,1.6953359161926986,2.020614589987669,1.3982971906684443,9,19,3
911709365.0,-0.7314881356324231,-0.9512473976443302,1.2655882817561526,1.0227951805981814,0.6266137866853638,0.6844484015294041,23,19,3
912169201.0,1.5572819201329084,1.7486560357261782,-0.5076477478181985,-0.7438250250612168,-0.7319682199344556,-0.09637744504557168,23,19,3
914534742.0,-0.4162936696349112,0.07038599578643001,-0.9088323698938435,-0.3193562771570101,0.7323392377197814,-0.9367130087575396,23,19,3
914784083.0,1.621313033118916,6.4811415031332515,-1.3180406844110015,-1.2811119650697345,-1.4237861837785408,-1.1111557458228438,23,19,3
916149679.0,-0.5520531469590201,0.024600626056464233,-1.029187756516537,-1.0462001346342138,-1.6853297301864305,-0.8696392994136928,23,19,3
916966616.0,1.764697712640496,2.2104721489928,-0.6039320571163533,-0.07459831611482788,-1.1220506040958589,0.7901681826765042,17,19,3
917021497.0,2.905493148712541,2.3626624695504512,-0.21077112748222124,0.28232047369817365,0.133257435702112,0.4831570298986673,23,19,3
918208255.0,0.04994670265896259,-0.2065139156087388,0.013892260880139992,-0.10724992647529777,0.24517693032892066,0.13550763177167313,23,19,3
919363674.0,-0.14124259095416433,-0.3674651062575341,0.05401072308770449,0.23603029372837464,0.5806645709848611,0.3018054995098465,9,19,3
922218750.0,0.8042841969883117,1.2418263368789704,-0.6600979042069437,0.03831850923046621,0.6538512580537138,0.15153835518274453,23,19,3
922692378.0,-0.8780601325179849,-1.0776827514673186,2.990682156681426,1.5865997646595236,1.6234614743687197,1.2404167930843841,10,19,3
923368561.0,-0.1840037642221871,0.13243936208205678,-0.708240058856021,-0.1991822270493572,0.7692631346222658,-0.4718109235208828,23,19,3
924174153.0,0.5551416512183421,0.46519096553143585,-0.3150791292218889,-0.6778035687646433,-0.4810743274611967,-0.8199975933649325,23,19,3
924379054.0,-0.5083021555429791,-0.6018461791005283,-0.058320971093476115,0.3785849062784044,0.27559995656503705,0.6198522913475766,23,19,3
924472758.0,-0.22218981617172734,-0.12531283621858197,-0.4835766704936598,0.9847236254137587,0.4290041822120373,1.4255348286582838,23,19,3
926760879.0,-0.34857775702681826,0.2325933523956192,-0.9489508321014081,-0.8890201365986466,-1.0621443807390631,-1.0516674482712798,23,19,3
927808355.0,-0.9357011716714669,-0.9499273160679862,0.05401072308770449,-0.2652228391881404,-0.20262758810423698,-0.09414993259466577,23,19,3
930019198.0,-1.1182274121693567,-1.0895470587418135,0.1663424172688851,-0.449233905086529,0.060792032864775226,-0.40663810785032317,23,19,3
930201193.0,-0.2855090148918298,-0.8575219649260436,2.260526144503752,1.4446587219784537,0.6200048085186072,1.2278796726606718,10,19,3
930228165.0,-0.2164413229065472,-0.8219818312832201,2.124123372998033,1.6631390010094786,0.9698462730645011,1.8018731906163385,9,19,3
932409619.0,-1.0555086230711024,-0.9747036477608295,-0.5076477478181985,-0.7543703699591718,-0.42010940200791147,-0.9115158015937759,23,19,3
933460563.0,-0.9622358460450288,-0.9587270823695915,-0.03424989376893741,0.17643045837907403,-0.14396559778660387,-0.04588360003981031,23,19,3
934288742.0,0.15779399439138356,-0.2890530301761028,0.35088734342368183,2.2437207793808747,0.3001517986487796,2.287268256666579,17,19,3
935013933.0,-1.1997613233602684,-1.077380637256454,-1.0853536036071274,-0.7345016299749609,-0.7600858665640025,-0.7599158638048489,23,19,3
935138653.0,-0.4034140255182379,0.4053914702925754,-1.0933772960486403,-0.6322195719211398,-0.27633829386981246,-0.965784003270658,23,19,3
935323345.0,-0.6669732640368118,-0.9056646534726284,1.0810433556013557,0.6771259279722398,0.17823366139063868,0.6813201375210977,17,19,3
935957681.0,-1.0781955294966492,-1.058755710073343,0.1182002626198077,0.06552212020705586,0.45145356588428087,-0.04781418607899532,23,19,3
936741679.0,-0.8896257372908425,-0.85744137289145,-0.28298435945583733,-0.4935348467192825,-0.0822772869092895,-0.7114744066490108,23,19,3
937850922.0,1.0823956492844213,0.536959043977549,0.04598703064619159,-0.5299924144674792,-0.8357521404428361,-0.4604134405758359,23,19,3
938268011.0,1.9867068898711175,1.8162811927793243,-0.33915020654642763,-0.6261481936724009,-0.6105779785365304,-0.811564717001871,23,19,3
938336889.0,-0.5390328354452281,-0.877990456919351,1.3939673608203589,0.6553407223142593,0.181037741051434,0.8323542051350167,8,19,3
939341870.0,-0.40574704576313336,-0.25238874218441804,-0.5718372873503017,-0.31495234658739674,0.3399396824288705,-0.4785549384081425,23,19,3
942765449.0,0.014635755070043636,-0.3227836427451222,0.20646087947644962,1.8568269515225977,1.2663785226325517,1.4910693394639625,23,19,3
943747107.0,-0.024100958275534316,-0.3867414402042458,0.30274518877460443,1.1037276866818286,1.4690487667217451,1.632479174001238,23,19,3
944773378.0,0.05504503807648435,-0.3632301846151663,0.3749584207482205,2.306674167094376,0.658251164043841,2.314816872544674,17,19,3
945080400.0,-0.6601800580296162,-0.32319060149865564,-0.876737600127792,-0.6605273432334209,-0.6017279148189532,-0.7507569599088445,23,19,3
945093843.0,0.08251806691619167,-0.002618392100287953,-0.2669369745728115,-0.38443209405784784,-0.22916066670302185,-0.2666230395076661,23,19,3
945182619.0,1.7666859262168444,1.4978308029499443,-0.2749606670143244,-0.48351329256661446,-0.030214943548959514,-0.53360631755196,23,19,3
945776702.0,-0.1988561828106472,0.2691568587257548,-0.8285954454787146,-0.48387516798556357,0.333968779437116,-0.64179659729246,23,19,3
946922971.0,-0.3182021765294909,-0.18813824203326585,-0.5317188251427373,-0.17484583734716158,0.03390934394137117,-0.561026852625383,23,19,3
948719966.0,-0.21746888108793866,-0.8372239421101363,2.2926209142698037,2.0973374102259923,2.1131172598930323,1.6027795865530357,17,19,3
949482734.0,-0.4918423546240284,-0.9140159826765318,2.0599338334659296,0.8847843489517471,1.5246833665460686,0.45506432815519515,9,19,3
949690868.0,-1.1234835695446213,-1.111156981797852,0.6397402713181463,0.21854067095521768,0.23170015120972498,0.3187567770410653,17,19,3
950018046.0,0.4908069025092852,0.12370155014432492,0.013892260880139992,-0.7299336225911379,-0.6041851042474561,-0.7913581475675708,23,19,3
950524474.0,1.6529168801569385,1.3197426520985698,-0.22681851236524703,-0.05021544988534842,-0.18322457846536522,0.017227746018436012,9,19,3
951790490.0,0.15881640620458762,0.18364567754159883,-0.40333974607853085,0.5578113181265649,1.0056970474365754,0.27957206084892533,9,19,3
952609703.0,0.7383798059821376,-0.13018485333231972,0.7841667352653785,2.5903462699889963,0.19285528784882042,3.0309748764501405,17,19,3
955648987.0,-1.0126428069832718,-0.5771740397230412,-1.277922222203437,-0.5959744458250786,0.12225230637589274,-0.9371011050697002,23,19,3
956575159.0,0.05915527080205001,-0.7502272930126236,2.348786761360394,1.7441474241180595,0.08152626320890967,1.566471076123403,8,19,3
956862005.0,-0.5138173467836696,-0.9292726581042856,2.1722655276471103,2.3581364006062566,0.9159839758410637,2.255164108512517,23,19,3
961138294.0,-0.41815150855051586,0.17316929196559677,-0.9810456018674597,-0.8293994752197716,-1.0731177332643633,-0.3677839263852359,23,19,3
961753789.0,-0.6228277177264135,-0.6194893681882402,-0.28298435945583733,-0.5254897813116584,-0.4856125593652068,-0.17720432540701464,23,19,3
961900114.0,-0.11459469648048247,0.39744324681931165,-0.8366191379202275,-0.8617281554813111,-0.7204926229224747,-0.8355901805212739,23,19,3
962017436.0,1.2515945116333453,0.3755634861767698,0.3910058056312463,-0.38591174677235784,-0.1993106298612484,-0.8390006554893991,23,19,3
963282046.0,1.485469498447749,1.1071104022855702,-0.17867635771616963,-0.1646061041201012,-0.8651591934854331,0.19860428146964113,17,19,3
963476846.0,-1.2105189483277243,-1.1565027175512708,0.3669347283067076,-0.3387666132497611,-0.1004993509038677,-0.32768870226892954,16,19,3
963900824.0,-1.1474999544185462,-1.1541322271997947,2.8462556927341938,0.7939975455141548,1.1461804129442323,0.586301012681046,13,19,3
964427699.0,-0.6947121885661949,-0.6809918524748142,-0.29100805189735024,-0.18831615855971495,-0.5516576724910057,0.48200296056903913,9,19,3
964958844.0,-0.9632908515234191,-0.6302596775712903,-1.1014009884901532,-0.6126674089307285,-0.06451432445980781,-0.9211903018489438,23,19,3
965486015.0,-0.7785430954246914,-0.8802451923488627,0.334839958540656,0.5789268822001271,0.7953867739582291,0.20773650309796862,15,19,3
965981004.0,-0.9161312489113431,-0.957044907235754,0.2305319568009883,-0.466678137097401,-0.5257053125095422,-0.2244594109726614,23,19,3
966135609.0,-0.7947129842690923,-0.7057723820264062,-0.49962405537668564,-0.8862405885934364,-0.7042914100794487,-0.7248450076427978,23,19,3
966531493.0,0.09918029165050812,0.3293515414243219,-0.5959083646748404,-0.5023772191841308,-0.05469983897047962,-0.710849483270543,23,19,3
970100089.0,1.4251712178535731,2.47026426142333,-0.8205717530372016,-0.397742135665191,0.44615509303518475,-0.39040908856515155,23,19,3
971232081.0,-1.1844525934592038,-1.153325398933971,1.225469819548588,-0.2754913695632741,0.3483545516776971,-0.4125457267029117,13,19,3
971294384.0,-0.036423079171920225,0.19582585257598725,-0.6119557495578662,-0.5733792806502542,-0.04554116558682234,-0.602340987465628,23,19,3
971700926.0,-0.689382266580246,-0.17038605619824068,-1.0612825262825887,-1.1909939417391897,-1.5389997754194844,-0.722941693718318,23,19,3
972787149.0,-0.2552552317749343,0.05380703755019352,-0.716263751297534,-1.5392961729026506,-2.537997343206851,-0.6204761209766463,23,19,3
973035338.0,-0.5061029408709524,0.1293920328656382,-1.0452351413995629,-1.17814070433911,-1.7299503055061696,-0.8795039974105617,23,19,3
973188679.0,1.2673441137424528,0.626814091572987,0.094129185295269,-0.8159518807318794,-0.8305208630184584,-0.7070308904975614,23,19,3
973543534.0,0.414378188560145,0.6812036105843606,-0.5959083646748404,-0.5180850544877419,-0.6424122398516723,-0.7757655604112295,23,19,3
974344564.0,2.7976938897498673,2.270780936262822,-0.21077112748222124,-0.30857304321293166,0.09767497890344548,-0.13679088522629315,13,19,3
975535052.0,-1.045704791674354,-1.0889351682907933,1.1773276648995106,0.6984584260747231,1.4414840724485318,0.4268590010768838,9,19,3
976424230.0,-0.6754596251776194,-0.21566976188862955,-1.0051166791919983,-1.062859853853105,-1.393919988576389,-0.7897670672454952,23,19,3
977301185.0,2.0861964796674135,0.33207504614298733,1.2174461271070751,2.298758594055076,0.6208733760035792,2.44063112346586,23,19,3
977612859.0,0.1692172163110596,0.5293613124642297,-0.6841689815314823,-0.5019409574893425,-0.11358212686600272,-0.8314533716838772,23,19,3
978440007.0,-1.0760855185398686,-1.0556405749764879,0.094129185295269,0.1272146253814219,0.39901013932359536,-0.09638195649671862,23,19,3
979036240.0,-0.8006227304041402,-0.7412748991198892,-0.41136343852004376,-1.1241783717235232,-1.2349155259192726,0.04491048755474593,23,19,3
980223699.0,-0.5820221643695531,-0.7531708563592312,0.3268162660991431,-0.2786793040596501,0.21997320750168783,-0.2602480670662156,13,19,3
980751333.0,-0.5845130065721915,-0.5944846212972583,-0.2589132821312986,0.292655300661085,0.31154572186904667,0.5141921663842507,23,19,3
981553839.0,-0.6650673923514597,-0.9602710176020042,1.7951519828960039,1.6915362959576448,1.3399950630472548,1.3534980212325038,17,19,3
981696914.0,1.0073015601518462,3.12269107709606,-1.1094246809316661,-1.8500972329178222,-2.9013340873259073,-1.1939046512133542,23,19,3
981893277.0,-1.003312441459752,-0.9752339889495066,-0.16262897283314381,-0.47536785833614426,-0.04378100610045306,-0.6733682131937685,9,19,3
982417443.0,-0.34423422227676265,0.5722546001885381,-1.117448373373179,-0.5331563539401654,-0.07644418513202132,-0.8400452054230857,23,19,3
982579651.0,-0.11488117764290748,-0.19708710587687864,-0.23484220480675994,1.1416636760741241,1.1746938293565081,1.176533367784713,23,19,3
983573018.0,0.4048385373970096,1.0278362750812262,-0.7965006757126629,-0.5440096806115574,-0.5342641235627854,-0.691120087276805,12,19,3
984418404.0,-0.9798295634212407,-1.0575861690326467,1.1532565875749718,0.38254539363341883,0.5143821449506499,0.8220841560843777,9,19,3
984652930.0,-0.8560525466931581,-0.8079430908551007,-0.36322128387096636,-0.315770312958828,-0.014830858708686228,-0.1116518161374979,15,19,3
984666034.0,0.7678204629254445,0.9914099227865816,-0.5477662100257631,0.013449621434001767,0.12564496627625066,-0.1555317419792328,23,19,3
986577456.0,0.041551260689463416,-0.02694257921722513,-0.28298435945583733,-0.6836535255982108,-0.3363784576981243,-0.4411645508393648,23,19,3
986910751.0,-0.4313262111099255,-0.6231693848735372,0.1984371870349367,1.0504002357646736,1.7934872248746232,0.8445809683289756,11,19,3
987190316.0,-0.6311047932276054,-0.18983226975891174,-0.9649982169844339,-1.0696579787629314,-1.509671481820406,-0.7404435772611501,23,19,3
988743819.0,-1.0988650595927862,-1.1010028718590945,0.744048273057814,-0.2798174395406198,-0.4059784439347184,-0.15674646919861715,8,19,3
989649424.0,0.10013236976515302,0.4239726927352995,-0.6681215966484566,-0.4359045260701382,-0.12657290362285242,-0.8250890503955746,23,19,3
990438731.0,0.6193786189318408,0.9799552010692423,-0.636026826882405,-0.23374240246866612,0.2831964675887582,-0.14994792617961739,23,19,3
991462486.0,-0.05626575944596943,-0.7256991926502119,1.779104598012978,3.088812336105043,2.28834300161949,3.1040545621374114,23,19,3
991509944.0,-1.1856757136317118,-1.1325009672454378,0.029939645763165792,-0.15453343262939617,-0.5972369420976482,0.04769351991717381,15,19,3
992381583.0,-0.4400132806100366,0.05645011815182101,-0.9248797547768693,-0.506933368998562,-0.3032293093073227,-0.6408388305817833,9,19,3
992557401.0,-0.23254773987663857,0.7232851742276332,-1.0933772960486403,-0.7156373133500782,-0.12687319432743968,-0.8591381692879935,23,19,3
995678156.0,-0.133210825669899,0.37167482224322207,-0.8366191379202275,-0.47518687578140617,-0.7750883335154899,-0.4981613349714824,23,19,3
996805831.0,-0.8872103751549507,-0.9989696074735991,0.9045221218880719,0.3987252002441147,0.9340430916155249,0.09592747424196146,23,19,3
997914361.0,-0.8665940241967487,-0.2560827879276049,-1.2538511448788983,-0.7287334248751797,-0.4367303951531366,-0.889686911471846,23,19,3
998523058.0,-1.1749918532749402,-1.1229087721379343,-0.01820250888591161,-0.3673226226611507,0.21498921182730701,-0.37322542108673457,13,19,3
999118642.0,-1.2216402499804138,-1.1600277287472294,0.0861054928537561,-0.07076273094350548,0.42789760585552017,-0.4150127909471752,9,19,3
999280846.0,0.7119274734995719,1.7281005658685442,-0.9008086774523306,-0.9909308098555408,-1.0228168394793624,-0.9858792363628509,23,19,3
